:044000006F30D0014C
:1040040000400000000000006063000062630000E4
:10401400000000001A78000000000000000000000A
:104024001A7800001A780000000000000000000068
:104034001A780000000000001A7800000000000058
:104044001A7800001A7800001A7800001A78000024
:104054001A7800001A7800001A7800001A78000014
:104064001A7800001A7800001A7800001A78000004
:10407400467400006A740000507900001A78000049
:104084001A7800001A780000407E00001A780000B8
:104094001A7800001A7800001A7800001A780000D4
:1040A4001A7800001A7800001A7800001A780000C4
:1040B4001A8400001A7800001A7800001A780000A8
:1040C4001A7800001A7800001A7800001A780000A4
:1040D4001A7800001A7800001A780000FA730000B9
:1040E4001A7800001A7800001A7800001A78000084
:1040F4001A7800001A7800001A7800001A78000074
:10410400000000001A8A00001A7800001A780000E3
:104114001A7800001A780000647300001A7800000E
:104124001A7800001A7800001A7800001A78000043
:104134001A7800001A7800001A7800001A78000033
:104144001A7800001A7800001A7800001A78000023
:104154001A780000AC9800001A7800001A78000061
:104164001A7800001A7800001A7800001A78000003
:104174001A7800001A7800001A7800001A780000F3
:104184001A7800001A7800001A7800001A780000E3
:104194001A7800001A7800001A7800001A780000D3
:1041A400000000000000000000000000000000000B
:0C41B400000000000000000000000000FF
:1041C000397101436EC619A0397141536AC866CA74
:1041D00062CC5ECE19A0397101535AD056D252D456
:1041E0004ED64AD826DA22DC06DE330161408282CE
:1041F00041114AC026C222C406C68282B24D410184
:10420000024D924C224CB24B4101024B924A224A3F
:10421000B2494101024992442244B24041018280A4
:104220003D432A876373C3029377F700BDEFADE583
:10423000937606FF3D8ABA960CC34CC30CC74CC795
:104240004107E36BD7FE11E28280B306C3408A06C2
:104250009702000096966780A6002307B700A30682
:10426000B7002306B700A305B7002305B700A304D2
:10427000B7002304B700A303B7002303B700A302CA
:10428000B7002302B700A301B7002301B700A300C2
:10429000B7002300B700828093F5F50F9396850051
:1042A000D58D93960501D58D61B79396270097021A
:1042B000000096968682E78086FA9680C1171D8F49
:1042C0003E96E374C3F8A5B73367B500FD530D8B75
:1042D00079E7B7877F7F9387F7F710419441B372EF
:1042E000F6003363F600BE92B3E262006395720C8F
:1042F0006318D6065041D441B372F6003363F6001A
:10430000BE92B3E262006396720A631BD604104544
:104310009445B372F6003363F600BE92B3E26200D6
:10432000639F7208631ED6025045D445B372F600EF
:104330003363F600BE92B3E26200639872086311C1
:10434000D60210499449B372F6003363F600BE9268
:10435000B3E26200639172085105D105E30FD6F60E
:104360001317060193970601631CF7001357060104
:1043700093D706013305F7409375F50F91E98280D5
:104380004183C1833305F7409375F50F91E1828036
:104390001377F70F93F7F70F3305F740828010215B
:1043A0009421050585056313D60075FA3305D640BB
:1043B000828011059105E314D6FE01458280210516
:1043C000A105E31ED6FC014582803105B105E31845
:1043D000D6FC014582804105C105E312D6FC0145AA
:1043E00082806374D600B29588A182808280EFF2C9
:1043F000BFDD0111368A2A89AE89B28BC64AD646FC
:1044000011E3BD9A13F3064063040300014431C372
:1044100093F506021306100699C1130610040A85C7
:104420000144254F930566FF930E0002337E070378
:104430001376FE0F6364CF051306060362066186DA
:1044400010A10504335607036365070105056315CD
:10445000D40313FB260063150B0413F716006388BF
:104460000A0011C781E713F6C60011C2FD1A130630
:1044700000029305000309A832874DBF2E967DBF29
:10448000330581000CA1050463741401E31AC4FE12
:104490007D469305000309C763745401637F860258
:1044A00013F706013DCB6310030415CC6384880029
:1044B000631B54031307F4FF15C7414679146307C0
:1044C000C8023A8409476310E8047D47636287069F
:1044D000181022971306200625A0330581000CA191
:1044E000050455BF01444147E31EE8FC13F70602EB
:1044F0003DE37D47636E87021810229713068007FD
:104500002300C7FE05047D476364870218102297C5
:10451000130600032300C7FE05047D47636A870076
:10452000B9C31C10A2971307D0022380E7FE05042D
:104530008D8A5E86B5C6B304C40026853386844062
:104540003DE063080B00B384744133859B0063E551
:104550005407056175B17D47E36C87FC18102297FD
:104560001306800571BF93F7460091C71C10A297F0
:104570001307B0025DBF93F78600DDDB1C10A29726
:10458000130700025DB7D286CE8513050002130C17
:10459000160002996286B387C400E3E657FF61BF45
:1045A000B3047441CDBF7D14B307810003850700B8
:1045B000D286CE85029951B72A86D286CE8513053A
:1045C00000020299850451B7EFF29FBF01112E8AB4
:1045D000B289B684BA8B2A8989E537490000130964
:1045E000C93EC16A814DFD1A294B01AE93075002A5
:1045F00085046308F50013841D00CE866E86D2857F
:1046000005A181451307B00213060002130530020D
:1046100021A81304D002638F87021304000363915F
:10462000870293E51500B6848387040093861400FF
:104630006385E702E34FF7FC6384C7026385A70243
:10464000138707FD1377F70F25466368E606014CCD
:10465000A54625A093E52500F9B793E54500E1B708
:1046600093E58500C9B793E5050175BF33036C0376
:10467000B284130303FD330C670003870400138621
:104680001400930707FD93F7F70FE3F1F6FE038796
:1046900004009307E002631DF71483861400254687
:1046A00093871400138706FD1377F70F93E50540F2
:1046B0006360E612814825460DA81307A002014C4D
:1046C000E397E7FC03AC0B0093874B0063560C00A9
:1046D00093E52500330C8041BE8BB6844DBFB38873
:1046E0006803AA87938808FDB69883860700138518
:1046F0001700138706FD1377F70FE372E6FE0387B3
:1047000007009306A006938417006304D71263C4BE
:10471000E60E930680066304D710BE84038504006A
:104720009307900685046302F50263CEA7109307F2
:104730002006630CF50063C1A71093075002630ABB
:10474000F52C93078005E318F5EA93078007630EBD
:10475000F52C930780056308F52C9307F006630892
:10476000F52C930720066306F52C93079006BD9958
:1047700029486307F500930740066303F500CD99C8
:1047800093F7054091C3F9991307900693F7052015
:104790006306E500130740066315E510639F0714E1
:1047A00093F7051013844B00F9CF83A70B0013D7A1
:1047B000F741B346F7002EC262C0FD833387E6405F
:1047C0006E86CE86D2854A851D31AA8DA28B35A2F2
:1047D0001307A0028148E394E6F283A80B00138735
:1047E0004B0063D30800814893872400BA8B01BF34
:1047F000A687814829B79306C0066309D7009306A8
:10480000A007E31CD7F093E5051009BF83861700C6
:10481000E39BE6FE93E505309384270001B783868A
:1048200017006385E60093E50508CDBD93E5050C0B
:10483000E5B793E50520DDB593073006630DF50870
:104840009307400609B7930730076302F51063C565
:10485000A7029307F006E30AF5EE93070007E31CAF
:10486000F5D893E51502A14703A70B0013844B006D
:104870002EC23EC0414881A093075007E307F5ECE4
:1048800093078007C9B513F7050483A70B0001C779
:10489000E207E18729BF13F7050811DBC207C187CB
:1048A00039B7A1EF93F7051013844B0099C703A7FD
:1048B0000B002EC262C0814721B793F7050403A7FE
:1048C0000B0081C71377F70FEDB793F70508F5D302
:1048D00033775701F9BF13F4250029CC6E86854C38
:1048E00003850B00CE86D285138D4B00930D1600E9
:1048F000029919C063E28C05EA8B03850400E31773
:1049000005CE6E8663E43D011386F9FFCE86D2851F
:10491000014502996E850561D5B0CE86D285130515
:10492000000202993306BD01930C2D00050DE366CC
:104930008DFF7DB7014DFDB76E8613841D00CE86B9
:10494000D285130500020299850CA28D65B7938765
:104950004B003ECA03AD0B00C68763930800FD57AA
:104960003307FD00EA878386070099C26312F702C6
:1049700093FB0540B387A74163850B0063F3F80001
:10498000C68713F42500BE8C1DE4338EFD4031A88C
:104990008507D1BF72CE46CCCE866E86D2851305F2
:1049A00000020299E248724EE687B30DFE00938C36
:1049B0001700E3E187FF6E8621A8BE8893071600E3
:1049C00046CE3ECCCE86D2850299E247F2483E865C
:1049D000B307B641EA970385070019C5E3800BFECC
:1049E0009387F8FFE39B08FCB28D0DE0D24B31B703
:1049F0006E86938B1D00CE86D28513050002029928
:104A0000DE8DB307B401E3E587FFCDB73384CC4037
:104A1000CDBF13841D00CE866E86D285130550024D
:104A20000299A28DD9BD93E50502414889BB214871
:104A300099B3094889B3EFF2AFFB3687B2862E8669
:104A4000AA85374500001305253EBD3E6FF08FFC5B
:104A5000AA87014585C399CD11CE23A80700D0C3ED
:104A60008CC31387C7002F200708A1072FA00708B2
:104A7000054582808280814705C11841814709CF61
:104A8000544199CA58450845B307E5406365A700F6
:104A9000B307D500998FFD173E85828011E501454A
:104AA000828001456FF06FF6EFF2EFF21C41AA84AD
:104AB000EDDB5C41FDD7F5D56DD63A89B68A3284F7
:104AC0002E8A553F79DD6376850013791900E31A44
:104AD00009FC637385002A8403ABC4000F00F00F48
:104AE00003A9440033096941637324012289884082
:104AF0004A86D2855A95B3092441EF802072639A81
:104B00000902B3092B01DC4063E3F9008149938773
:104B1000C4000F00500F2FA037099C4889C7228678
:104B20008545268582970545E38E0AF623A08A00EF
:104B300095BF88404E86B3052A01EF80206EE1B70D
:104B4000EFF20FEB41110147740002C6813F09C526
:104B5000324541016FF00FEC0145E5BF814701CDC2
:104B60001841814709CB544199C658451C45636695
:104B7000F700B307F7403E8582803697DDBF11E529
:104B80000145828001456FF04FE8EFF2CFE41C4110
:104B9000AA84EDDB5C41FDD7F5D56DD63A89B68A9E
:104BA00032842E8A653F79DD63768500137919009A
:104BB000E31A09FC637385002A8403AB84000F00A9
:104BC000F00F03A94400330969416373240122896A
:104BD0008C404A865285DA95B3092441EF800064FF
:104BE000639A0902B3092B01DC4063E3F9008149B0
:104BF000938784000F00500F2FA037099C4889C766
:104C000022868145268582970545E38E0AF623A0F4
:104C10008A0095BF8C404E8633052A01EF800060E4
:104C2000E1B7EFF2EFDC41110147740002C6813FAA
:104C300009C5324541016FF0EFDD0145E5BF814710
:104C40003387F500830607003307F50089E6230064
:104C500007003E8582808507C20714A3C183CDB7B4
:104C6000EFF20FD94111AA87CC871305F1008545D2
:104C7000829741016FF00FDAB73700209387072B37
:104C800093864701884309C503470506098B09E751
:104C90009107E399D7FE01458280385505C7EFF2A9
:104CA0002FD581479396070185073386F5000306C4
:104CB000F6FFC18265FA2E85B685029742054181CD
:104CC0006FF04FD501458280EFF28FD28347050602
:104CD000858BA9C3B7050100938545622A84753F7A
:104CE0001C402285CC43553FB71501009385C5AACA
:104CF000228565370C4489E5B705010093850522B7
:104D00002285613FB70501009385452222857137D1
:104D10006FF04FD0B705010093858522CDBF982154
:104D200005C39C418566938606F0F58F93870780BF
:104D300081CB1441FD578DC29C227D8FFD5709CF39
:104D4000034705068147058B01EB9C41B18393C75F
:104D50001700858BB307F0403E85828023840500D1
:104D6000A147254811E521451D8D62056185828099
:104D70001376F5001377F60F930607036357C80001
:104D80001307770593168701E186FD1793F7F70F51
:104D90003387F50014A31181F1B7EFF26FC5B73572
:104DA000002081471384452A130600032547B306D4
:104DB000F40090A28507E39CE7FE1C4105474841AB
:104DC000A183BD8B637CF7001D476379F700214702
:104DD0006386E7009385452A513722856FF08FC39C
:104DE0009357F54133C7A7001D8FA3850500AD4735
:104DF000294619EF635C0502FD1793F7F70FBE957F
:104E00001307D00298A12D451D8D62056185828012
:104E1000B366C702FD1793F7F70F3388F500938643
:104E200006032300D8003347C702E1B769FDFD1729
:104E300093F7F70FBE9513070003E9B7EFF24FBBE7
:104E4000411140002E89B70501003146AA8493859F
:104E500045252285EF80803CB70501009385052418
:104E60002685253DA2854A85A53FB305A440AD050D
:104E700026852535B70501009385C5242685313D56
:104E80008147130600032D47B306F40090A285075F
:104E9000E39CE7FEA2854A85D135A2852685F53BB0
:104EA000B7050100938545622685C53B41016FF03A
:104EB0006FB6EFF24FB22A842E852E89F93DAA856E
:104EC0002285E13BD944898CC204C18463439000AC
:104ED0009144285493050002FD145933139504019D
:104EE000418193140501C1846DF5832709000547AD
:104EF000A183BD8B636FF708B70501009385050893
:104F00002285613BB70401009385840A22857133B1
:104F10009D497D5A8347090093058007B3D73741E0
:104F2000858B99E39305D0022854FD19153BE39333
:104F300049FF9385840A22858D3334540325C900A3
:104F4000A9C2096681473548130616403307F500A4
:104F5000182393950701C1818507E369E8FE33575C
:104F6000E600058B65D79307400263F1B70693050A
:104F7000400282963C54370501008D451305C50A51
:104F80008297B705010093854562228539336FF01A
:104F9000CFA71D476367F700B70501009385850814
:104FA00085B721476397E700B70501009385050999
:104FB00081BF25476397E700B70501009385850901
:104FC00081B7B70501009385050A1DBF829655BFBD
:104FD000EFF26FA0B70501009385C5062A898329E2
:104FE000850501445D39054A8357C9056344F400CA
:104FF0006FF0AFA193144400CE949C40A183BD8B6D
:105000006369FA00A6854A85193B01E5A6854A85AC
:105010004D35050442044184C1BFEFF2CF9B2A897C
:105020002E849304F00FB70901007D141374F40F5C
:10503000631494006FF06F9D938509004A85B13920
:10504000EDB7EFF2EF9A42257E25AA841D8C42042B
:10505000418463478000CC242685C1376FF08F9B45
:10506000A854930500027D14E53ED5B7EFF24F98A2
:105070005A395E252A847D1763CEE700B705010003
:10508000938585041939228581310C482285313177
:105090006FF04F987A256399E702184993861700B5
:1050A00056A5BA978CA35A251C49BA9723800700A6
:1050B0007E2585077EA583470506858B99E39305A5
:1050C000A0022854713EE9B7E374F7FC998FC20738
:1050D000C1873E86184876246344F00493871600FF
:1050E0007EA436970CA35E2418488507C207C183A7
:1050F0005EA4BA97238007000359E4007D19462473
:10510000420913590941634799027E249D8CC204C8
:10511000C184E35F90F62854A145FD149136C5BFC4
:10512000B29636978306F7FFFD17C20714A3C1870F
:105130007D164DB7834704069305A002858B89C76A
:105140001C48CA978385070028540509113E45BFAE
:105150007A259387150093B7170001E78546638981
:10516000D50AEFF2EF8856252A84631DD702FD5633
:105170006380D50285466397D5027D171C497AA5C1
:10518000420741835AA53E972300070085457135A4
:105190006FF04F8814483E978507369783060700BF
:1051A000A30FD7FE56247A24C207C1873386E64070
:1051B000E3C2C7FEFD1656A4FD576387F5002854C9
:1051C0007D177AA4A145693C5A241C48BA972380CC
:1051D00007008314E4005E24285463C2F40293059C
:1051E0000002BD3C46247E2485049D8CC204C184FB
:1051F000E35090FA2854A145FD149D34C5BF1C48C6
:10520000A697838507008504C204993CC184E1B751
:105210008280EFE2FFFD41112A8F02C002C202C468
:1052200002C681471395070141856344E502B70E25
:1052300000200144014581470548938E8E27930F36
:10524000C005854293030002636CB40041016FE026
:105250007FFC139827003298232008008507D9B7D0
:10526000B3088F0003830800A1EF638C6602631705
:1052700058086359E50013182500329823201801B7
:105280000505014803CE0E0003830800631AC30519
:105290000408138E1700A697238867FE9377FE00F5
:1052A00081A0E31108FE038818002380080001187C
:1052B000333800019308140013940801418069B742
:1052C00003CE1E00E310C3FD130301013E93034E02
:1052D000F3FE03C30E00E3176EFAFD1793F7F70F03
:1052E00003830800E318F3FD03831800E30403FCC1
:1052F000930814001394080141806DBFE30573FA0D
:1053000051B7EFE27FEC3C4D8354C5050569B30707
:10531000F64091839D8CC204130C09F0AA892E8A51
:10532000B28A368BC180814B1309099093970B0188
:10533000C18363E49700014405A813944B0056947D
:105340001C40B3F7870163942701850BC5B7A2857D
:105350004E85F1327DF922858934AA8563190B00C7
:105360005285EFE07FF675F122856FE07FE95A867E
:105370005285EF70507EC5BF9C4115470145A18302
:10538000B907BD8B636DF7024167130787FE8A0774
:10539000BA9798439C45028788438280039507000B
:1053A00082800385070082803E858280D843014544
:1053B00019C7EFE2FFE3884302976FE0BFE5828001
:1053C000EFE27FE14111AE894400B70501002A8474
:1053D0003146938545252685EF705064CE8522851C
:1053E000613F83A549002A892285EFF01F8BB7050D
:1053F0000100938585212285EFF03F8A83A709006C
:105400001547A183BD8B639DE702B7040100938517
:10541000C4212285EFF07F88CA852285EFF0FF87BF
:105420009385C4212285EFF05F87B705010093853E
:1054300045622285EFF07F864A8541016FE0FFDCFF
:10544000A6854A85EFF0DF99B385A440AD05228596
:10545000EFF0BF84B70501009385C5242285EFF0E6
:10546000DF838147130600032D47B386F40090A223
:105470008507E39CE7FEA6854A85EFF03F8EA6856B
:1054800055B7EFE2FFD62A840CC18845054711CDF8
:105490008307050099CB76388547014763F7D70026
:1054A0000C4CEFE07FE21337150083470406B70585
:1054B00001009385050BF99BD98F2300F406228503
:1054C000EFF0AFFD83470406858B81CBB705010064
:1054D0009385C50B2285EFF04FFC6FE0BFD3EFE261
:1054E0003FD1834705060CC92A8493E717002300A0
:1054F000F50699473356F6022326050023200500BA
:1055000023280504231A05049307C503130705057B
:1055100052B9B2958CC39107B295E39DE7FE4166FF
:10552000930706263CCC83D70184373700209306A7
:10553000072B231EF4041307072B81479545884248
:105540000DE58A07BA9780C3B705010081461306A7
:1055500006269385050422856D33AA852285153795
:105560002285EFF06FF66FE0FFCA85079106E3989A
:10557000B7FCD9BFEFE23FC68347050698412A84AE
:1055800093E727002300F5068567938707F0F98FD7
:10559000AE89C9E3416A8144930A20027D1A81A041
:1055A00093972400A297D84B830607006397560170
:1055B00023000700D84B0507D8CB03A947014A852C
:1055C000EF705058337545017D152A9983070900FE
:1055D00063945701230009008504C204C1806A381E
:1055E000E3E0A4FC83A7890093054401829783A785
:1055F0000900AA841397270163460700AA8522851C
:10560000EFF0DF83834704062685F59B2300F4062D
:105610006FE0BFBF930600106398D70072399306FE
:105620004501EF00A07DE1B7218339073D8B954609
:1056300063E5E60071338144F1B7938707808144C5
:10564000F1F38135C1B7EFE2BFBA83470506ED9BA1
:105650002300F506EFF09FA16FE0DFBB5A2563053D
:105660000710EFE2FFB81C492A84BA97238007008D
:10567000834405060329050193F71400CDCF835712
:105680000505231A05048354250589CF914799C040
:105690009387F4FFB1078A07A297C847CA85EFE04E
:1056A000BFC21DCDB1048A04A294C844CA85EFF0DC
:1056B0000FD911C58357240585072319F40483578F
:1056C000040515478507C207C183636BF7042318D8
:1056D000F40403572405914763F4E70023190404F5
:1056E0004E2408482147930600021306440115364C
:1056F000420541816AB8232604000DC1B7050100A7
:10570000938545622285EFF04FD94C48304C814655
:105710002285C53EAA8501C92285A93D6FE09FAFBC
:105720002318E4047DB7B705010093854500228561
:10573000EFF0AFD6E5B71C414A858C47EFE0DFB804
:1057400019ED93E41400B705010023009406938536
:10575000C50B2285EFF06FD423260400C1B7B7052F
:10576000010093858501F5B78280EFE27FA883165B
:105770004505035705052A849387F6FF231AF50488
:105780008357250563F3E700BA8713970701418321
:105790003307E0406346D700B307F040231AF40410
:1057A0002285EFF01F8A0317440509E7232604002A
:1057B0006FE05FA68357240508489507BA971547F9
:1057C000B3E7E702B1078A07A297CC47EFF02FC7EC
:1057D0004AA479DD0C486AA42285EFF00FCCC9BF3A
:1057E000EFE21FA1835745052A848507C207C187B9
:1057F000231AF5046356F000231A05046FE09FA1F5
:10580000EFF03F840317440501E723260400FDB7AA
:105810008357240508489507BA971547B3E7E70269
:10582000B1078A07A297CC47EFF06FC14AA479D598
:105830000C486AA42285EFF04FC6C9B77A255E25C9
:105840006370F702EFE2DF9A1C499306170076A512
:10585000BA97838507002855EFF08FC06FE09F9BB4
:1058600082807E2589CFEFE2BF982A842855A14502
:10587000EFF00FBF7E24FD177EA46FE0BF998280FA
:10588000EFE29F945A252A8401EBEFF06FF4228512
:10589000EFF08FC36FE0DF961C49835A45038149BF
:1058A000BA9723800700032A850501498144054BE7
:1058B000B70B01008357C40563CEF904E30C09FC60
:1058C00085476315F9002285EFF0AFF7920483292D
:1058D0000401D2942685EFF04FCCAA854E85EFF0D7
:1058E0000FB64AA4854763FB2701A6852285EFF002
:1058F0004FDC2285EFF04FBD231654015A241C487B
:105900002285BA97238007005E240C487EA4EFF01E
:10591000CFB849B7139C4900529CE2852285EFF02D
:105920000FC041E96285832C0401EFF00FC7814766
:105930003387FC008306070081CA3307F50003079D
:10594000070019C3638CE6065A246314F706630B39
:1059500009046317690193854B622285EFF0EFB369
:105960009204D294A6852285EFF0AFD42685EFF07D
:10597000CFC2AA846285EFF04FC281473387F4001B
:105980008306070081CA3307F5000307070019C320
:10599000638AE602568763F357013E87931A07012D
:1059A00093DA0A010509939409014209C180135948
:1059B00009018509C20993D90941EDBD8507C207CF
:1059C000C183BDB78507C207C1834DBFEFE25F82C8
:1059D0008545EFF0EFF76FE0FF83EFE27F81FD5544
:1059E000EFF00FF76FE01F83EFE29F802A84BD3155
:1059F0002285EFF06FAD6FE0FF81EFE26FFF4111A5
:105A0000AA842EC6EFF04FA719C58547B245639704
:105A1000F400EFF0EFDB41016FE0CFFFE3DD97FE35
:105A2000304DCC4181462A84EFF0BF8DAA8421C13C
:105A3000B70501009385C5022285EFF00FA62685E4
:105A4000EFF0AFB5AA852285EFF02FA53709010049
:105A5000930549622285EFF04FA4CC442285EFF0F4
:105A6000CFA3930549622285EFF02FA36DB7B70549
:105A7000010093854500C5BFE9CDEFE26FF41C5DE1
:105A80004167130707F07D8F2A84AE8A31EBB70494
:105A9000FF00FD8CB1E8370700FFF98F614981C72E
:105AA000B70400FF41499307F00F130B89FF832CC4
:105AB0008405035CC405339D2701339B670185671B
:105AC0008149938D07F0938B079063C289036384A8
:105AD0000A06232C0402D6852285EFF0DFB6A1A8A2
:105AE000930400F00149C1B7C17421496DBF139AF5
:105AF0004900669A83270A00B3F7B70163937705D5
:105B0000D2852285EFF0AFA10DED83274A00145C0A
:105B100033F797006317D702B3962A0133F6A7012C
:105B20006311D602518F18DC6319090083278A009C
:105B300091EF232C04026FE06FECB3F76701FDD700
:105B4000814A8509C20993D9094141B722858297C3
:105B5000CDB782807C519DC3EFE28FE941112A8449
:105B600085451305F100829785476316F500830587
:105B7000F1002285113741016FE0CFE98280EFE229
:105B80002FE7EFF06F8F19C5B70501009385050B5F
:105B9000EFF0AF906FE00FE8030705009307700286
:105BA0006313F7000505830705001307C00563921B
:105BB000E702830715001307E0066388E702634CDA
:105BC000F700130700036384E702130720066382CC
:105BD000E7023E85828013072007638EE7001307E4
:105BE0004007E398E7FEA547EDB7A947DDB7814732
:105BF000CDB7A147F9BFB547E9BFEFE2CFDD3684A6
:105C000041112A898386050015C6930740026386E1
:105C1000F6007D5541016FE04FDF83871500F5DB0E
:105C2000938706FD93F7F70F25476367F7148544BD
:105C3000014725A093077002639BF6008387150038
:105C4000638807162E85893F08C00145E1B7930791
:105C5000D002FD540547E395F6FC2E970306070096
:105C60009307000381466311F602830717001306AA
:105C700080058D4693F7F7FD6388C700130620045F
:105C800085466383C70089461306E002050783073C
:105C9000F7FFB5EB9387F6FF13F7F70F894763ED2F
:105CA000E70693874184BA97038807009387818426
:105CB000BA978387070013871400133717003E979E
:105CC000BA95014901451303E002254EA94E9548B6
:105CD00083870500A9E79147639DF608630B0908D0
:105CE000EF706011AA894A85EF70E010AA854E8591
:105CF000EF60D02A2A892685EF708003AA854A851D
:105D0000EF60B05491B783070700E391C7F88307AA
:105D10001700ADDF9146BDBF8147294869BF8505A2
:105D20006387670493F7F70F3307A802138507FD0E
:105D30001375F50F6368AE00620561853A95330906
:105D4000D90379B71386F7F91376F60F63E7C8001E
:105D5000938797FA13958701CDB71386F7FB1376D0
:105D6000F60F0145E3ECC8FC938797FCE5B70549BE
:105D700085B73385A402C9BD930740026393F60239
:105D80008387150095C703268905850581464A85C1
:105D9000EFF02FD7AA85E30E05E64A85EFF0CFDDB9
:105DA00065B5E38806E6930720026393F600850550
:105DB0002E8581449309C005130A200239A86397F0
:105DC00037032EC6930A1500C13BB2452300A90034
:105DD00056858504C2040505C18083070500338903
:105DE0009500F1FF230009000CC085B563954701BC
:105DF00023000900F9BF2300F900E1BFEFE2AFBDC6
:105E00000111AE893289AA8A1306000281450A85EA
:105E1000B684EFE0EFC003D42900130AF9FF3D88F0
:105E200063532401528491040149634F49019D4702
:105E30007D5563E78702C1679387C7430A043E9491
:105E40001C4083A8890082878C40931629008A967B
:105E5000014656855D3391042DE10509F9B7829815
:105E600005616FE08FBA02458298DDBF9245024519
:105E70008298FDB72246924502458298D5B7B24630
:105E80002246924502458298E1BF4247B2462246E9
:105E9000924502458298E9B7D2474247B246224628
:105EA0009245024582986DBF6248D2474247B2464A
:105EB000224692450245829865B77D5555B713D75E
:105EC00015408A05AA958147F11563C3E7008280D2
:105ED00090411441850710C194C11105F5B711CD4A
:105EE000830705001307D0026389E70089C59385FE
:105EF00057FD93B515002E8582808545EDBFB737D8
:105F0000002083A7C7211CC1B737002083A7072221
:105F10005CC183A741801CC583A781805CC5B7375E
:105F2000002083A747221CC9B737002083A78722F8
:105F30005CC9B737002083A787211CCD8280184118
:105F4000B737002023AEE7205841B737002023A001
:105F5000E722184523A2E180584523A4E18018498F
:105F6000B737002023A2E7225849B737002023A4DF
:105F7000E722184DB737002023ACE7208280EFE2FC
:105F80002FA4BE8D8327480001113AC6AA8CAE8A81
:105F90003289368B4284634BF00085472322F80018
:105FA0002328F800232A0800232C080063970C00FC
:105FB000FD54268505616FE06FA4E38B0AFE631430
:105FC0000900E3070BFE5C40E3D497FF139727001B
:105FD0005697184371DF030607009306D002631833
:105FE000D6000307170001E785075CC0D1B7630D32
:105FF0000900830709001307D0026381E702130732
:10600000B002094A638DE700370501001305C54555
:10601000EF70E013333AA000060A19A0054A0509FB
:10602000814B630A0900030709009307A003631467
:10603000F7000509854B04488547638AF4048329E2
:106040004400139C2900569C032D0C00E3020DF61E
:1060500063010B0283070D001307D002638FE71E55
:1060600063890D001307B0026395E7008547638AD3
:10607000F41E044863110910850404C8EA940387D8
:106080000400FD5D631A0722054718C835A483295B
:106090004400139C2900569C032D0C0063069A06AD
:1060A0000947630EEA06232A3401232C04005840D2
:1060B000EE8593172700D69703AD07003AC86A8587
:1060C000393D424711C5631B0D0023223401CDB574
:1060D0001C4C050758C085071CCCD1BF83060D009A
:1060E0001307D002E39DE6F483071D00A9FB044CCF
:1060F0006285A685E933938514006285C933854599
:106100006285753B5C48CDB5EE856A85C93B05F96E
:106110008509232234012320A40144C459BDEE85FE
:106120006A85753BE31D05F061B53308A541330869
:10613000B841A1AA424542869A853ACC42CA1ACEB3
:10614000EF70800B524862471DE172431A85EF7071
:10615000601F52486247630E0501FD576388FD00CA
:106160009307F0035CC49304F003A1B5A68D8504E6
:1061700039AAA68D3DA2B3079D00838507004A85F5
:10618000EF70C01A938714003307FD0019E91CC88B
:1061900083070700F1F785098547232234011CC8CE
:1061A000C1B7030615009305A00381476318B60025
:1061B0008305250089476383C500854703060500DD
:1061C00050C405466389C7060946E397C7EAFD5DE3
:1061D000030607009306D0036313D6000507830662
:1061E000070091E2014718C0054718C88144630EB3
:1061F0000A0C21A20145030607009306D00363138E
:10620000D600050783060700F9FE138719006349C6
:106210009703144499CAFD566381DD029307A003D6
:1062200063940B009307F0035CC458C09304A0036D
:10623000E3910BD80DBFFD5D7DBF83070500EDB772
:1062400003274C00854418C0054718C84DB763198B
:10625000D70A81445DA04444A9BB8547E39BF4E091
:1062600004C8832D04019305D003B307BD013E8507
:106270003EC8EF70A00B2A87E31905EA6A85EF7024
:10628000600C3307AD003308B541FD5D81441396C2
:1062900044005A9603230600E31E03E87D56E38A72
:1062A000CDDC93964D00DA96D0428546E304D6F4D1
:1062B0008945E30FB6F014C823200400184885462A
:1062C000E3170AF8631ED702814403298401630699
:1062D00009025848CA85938914000A07BA9A568554
:1062E000EFF0FFBDB30539015685EFF05FBDCE85F8
:1062F0005685EFF0DFBC832944018509CE9444C064
:106300007D57E38AEDF4B24799C323A0B701939771
:106310004D003E9B83278B008324CB00E38B07C873
:1063200084C3814479B1EFD2BFEC79712A844808E3
:106330002EC632C436C23AC0EFF07FBC0247924646
:106340002246B2451308410181472285EFF03FC341
:106350002A844808EFF0BFBE228545616FD09FEBCD
:1063600001A0B707EFBE37E700E0938707083CC7F7
:1063700001A0EFD2FFE7374400209307846583C76D
:1063800067050547130484656384E706B9CB0947AD
:106390006385E7060D476387E7068345C402370533
:1063A000010013058573EF10C0538355440537056D
:1063B000010013054575EF10C0526C443C4437058D
:1063C0000100B205D183DD8D13054576EF106051D4
:1063D0002C48370501001305C577EF1080506FD0AA
:1063E0007FE3370501001305856DEF10804F75B70A
:1063F000370501001305056FCDBF370501001305F3
:106400008570E5B73705010013050572F9BFEFD2B6
:106410003FDEEF10E04C0145EF10E058EF10F04880
:106420001305B003EF10F05DEF20B05EEF10B00089
:10643000B7350240938505400145EF00703E0144A9
:106440009304800C0145EF4020460DC1EF2090469B
:1064500005E9370501001305456BEF108048113F32
:10646000EF10C00A0545EF108044DDBFB3779402FA
:1064700099C3EF10E05E0545EF1060430504D9B7FE
:10648000370501001305456CEF10A045D1BFB717C4
:106490000240984FB70600801367170098CFD8576F
:1064A000558FD8D7D857B70600F8FD16758FD8D7AF
:1064B000D857B70600C9FD16758FD8D7D857B70675
:1064C0000012558FD8D7D857B7060040558FD8D768
:1064D000D84B856693860680558FD8CBB7E700E00A
:1064E000A38A07443707200023A4E7108280EFD255
:1064F0003FD0370501001305855DEF10803E37055D
:1065000001001305C561EF10C03D370501001305FB
:106510008562EF10003D3705010013050565EF109A
:10652000403C3705010013054567EF10803B3705F8
:10653000010013058569EF10C03A6FD0BFCDEFD2CF
:106540003FC84111C16AAA8B2E8A02C48144814985
:106550000144B70C0020370C010037390020370BFD
:106560000100FD1A370D0100380093860C00130658
:106570008C4CD2855E85453BFD576313F5049147EE
:10658000630AF4146387090089C483870400639C49
:1065900007103705010013054551EF10803463984B
:1065A00009003705010013058554EF10803363910E
:1065B0000412370501001305C557EF10803209AAF0
:1065C00093073006630BF50263CEA700930710060E
:1065D000630CF50283250A0013050B490D44EF10E7
:1065E000403059B793078006630DF50093074007C5
:1065F000E312F5FE8324C92119A08329C921094486
:10660000A5B7F53511448DB70325C92101466C00A6
:10661000EF707044B247AA8D8387070089EFB37586
:1066200055011305CD46EF10C02B13950D01418187
:10663000EF10303D15BF83250A0013050B49EF10FD
:10664000402A1DB7D6852685EF6070481DE93705BD
:106650000100D6851305054DEF10A02801466C00FA
:106660004E85EF70503FB247AA8483870700A9C3C5
:1066700083250A003705010013050549EF10602640
:1066800081A805091379F90F93172900DA9783AACE
:106690000700E3990AFA37050100A6851305055B93
:1066A000EF10202405A8456B0149130B0B80E9BFAF
:1066B0009315050137050100C1811305054FEF1042
:1066C000402293950401C18113051900EF10703B1E
:1066D00011E0313DB737002023AE0720B737002047
:1066E00023A007220547B707002023AEE72613079C
:1066F000F00323A4E180228541016FD03FB0EFD2A7
:106700003FAFEF00306F420541856FD0BFB0EFD291
:106710003FAE2E86AA853735002013050553EFE0DE
:106720004FD0420541856FD0FFAEEFD27FAC2E86B1
:10673000AA853735002013050553EFE06FC04205E9
:1067400041816FD03FADEFD2BFAAB73500203735BA
:106750000020130600409385855413050553EFE090
:106760002FAF37350020B76700001307452C9387FC
:10677000E76F3CD7B7350020B76700009387E77015
:1067800013060020938505331305452C7CD3EFE0D9
:106790001FD56FD03FA8B7160240D8421146318BA3
:1067A0009387C180630BC7022146630DC702371769
:1067B0007A001307072098C3371702405843118304
:1067C0009376F70037070020130707053697142341
:1067D00098433357D70098C382803727B7001307F1
:1067E00007B0D1BFD842D442416649833D8BF18E78
:1067F0001306270015CF3D47630FE6024147630F9D
:10680000E602454781456313E6004146A1E237476A
:10681000024003270780418B0DC737177A00130703
:1068200007203306C70290C3C1D99843058361B7D7
:1068300081454946E1BF85453546C9BF81453D464D
:10684000F1B737173D0013070790E1BF3715024036
:1068500058559316F700585563DF060411833D8B96
:10686000930617003727B700130707B03357D7022F
:1068700098C35455A182BD8A8DE295463307D7024D
:10688000058398C337170240585794433D8B05073B
:1068900033D7E60298C3984369B705456394A600C9
:1068A000E546E9BF3D456396A600D1463387E6023B
:1068B000C9BF8906E5BF3D8B930617003727B70090
:1068C000130707B03357D702F1B7EFD27F92B7174C
:1068D00002409843B706FFF041111367170098C3B1
:1068E000D84337060200758FD8C39843B706F7FE22
:1068F000FD16758F98C39843B706FCFFFD16758F7C
:1069000098C3D843B70601FFFD16758FD8C39843C7
:10691000B70600ECFD16758F98C33707FF0098C7C0
:1069200023A6070202C402C69843C166558F98C3C6
:10693000B716024005679C42F18F3EC6A247850705
:106940003EC4B24781E7A247E397E7FEB71702408C
:106950009C431397E7006359070685473EC63247B5
:106960008547631FF704B7170240D843B706C1FF36
:10697000FD16D8C3D843D8C3D84313670740D8C33C
:10698000D843758FD8C3D843B7062900558FD8C3CD
:106990009843B7060001558F98C398439316670034
:1069A000E3DD06FED843B7160240719BD8C3D84337
:1069B00013672700D8C32147DC42B18BE39EE7FE73
:1069C000D93B41016FD01F8502C651BF45651305F4
:1069D000459282808D476307F50089476308F5007B
:1069E0000145828045651305858A828045651305CA
:1069F000C582828045651305859382808D47630734
:106A0000F50089476308F500014582804565130557
:106A1000059C82804565130545948280EFD24FFD29
:106A200093150601AA84C18113858185EFF0FFCFFC
:106A3000930600401386818595452685EF20105FDB
:106A40006FD04FFD9147014563EEB706ADC5638733
:106A5000F5069385F5078605B747002093F5F50FF2
:106A600093877770AE979023B7470020938767701E
:106A7000BE958C2137450020374800208905814785
:106A80007916130785941308886F93D6170063C887
:106A9000C700369723000700130585948280B388CA
:106AA000F500C29883C80800BA96890723801601AA
:106AB00093F7F70FD9BF1385C18482803715010082
:106AC000130505AC82809D47639AF502EFD24FF221
:106AD00005472388E18093060040B73700201386DE
:106AE0008185954523860722EF20505437170040B3
:106AF0001E2393E717001EA36FD0CFF18280EFD241
:106B00002FEFB73400209384E422962041112A8489
:106B10008DCE83C7018195CB1384418110409305AD
:106B200050080145EF20104314409387818523903E
:106B30000400138707406398E600938707601CC032
:106B400041016FD02FED18C0E5BF228532C6EF306E
:106B5000905132463375A60211E909CA81460146B1
:106B6000930550082285EF20F03ED9BFB7370020AB
:106B700023860722F1B785476390F51418321C224B
:106B800022075D8F3C22C2075D8F3C32E207D98F1E
:106B90008DC7B756004093860680D62603A7C180CE
:106BA000C206C18663C706040583B357F702375789
:106BB0000040C207C1832314F780782275CFB757EE
:106BC00000409546938707806317D702DA27B1669E
:106BD000558FDAA75C32BDE7375700408357C7802F
:106BE000C207C18393F7F7BFC207C1832316F7809B
:106BF0009DA8799B5DBF99466319D700DA27A166E6
:106C00004A074983DAA7DA27E1B79D466319D70017
:106C1000DA2791664A074983DAA7DA2755BFA546DE
:106C20006319D700DA2785664A074983DAA7DA2786
:106C300045B7DA274A074983DAA7D6277D777D1734
:106C4000758F41BF0547639CE702B757004003D7E4
:106C5000C780136707402396E78003D7C780136771
:106C600007202396E7805C228DEF3757004083563C
:106C70000781F577FD17F58F2318F7808280094784
:106C8000E393E7FE375700408357C78093E70740F9
:106C90002316F7808357C780C207C18393F7F7DFB6
:106CA000A1B70547639BE700B757004003D70781AB
:106CB0008D66558F2398E78082800947E39EE7FE23
:106CC000B757004083D6078175777D17758F239856
:106CD000E78003D707818966E9BFB5ED1C2213075A
:106CE0000008639AE7063822058B39C31432371738
:106CF000014013070780858A95CA1CCB37170140CE
:106D000083270780B706003092079183D58F232011
:106D1000F7803C22898B9DCB1832B71701409387AF
:106D200007C0098B0DC30567D8CB82805CCBF9B750
:106D3000371701402328F78083270780B706008094
:106D400092079183E1B7056798CB8280B71701401E
:106D5000056723AAE7C0828095E5930710086311B1
:106D6000F602B717014083A58780938707C09C4729
:106D70009D818589139747016354070093E565005A
:106D80002E8582808145EDBF63980512EFD2AFC496
:106D90003284B6843E8AD9C22E89B71401408569EF
:106DA000631449016FD06FC683A7C48093F70708A7
:106DB00081EB93771400138704C0B9CB232A3701E2
:106DC0001145EF00703083A7C480114593C70708B1
:106DD00023A6F480EF00502F938704C0D847137781
:106DE000070811E7137714001DC723AA37011145BF
:106DF000EF00902D83A7C4801145050993C70708AC
:106E000023A6F480EF00502C05801379F90F49BFB9
:106E10002328370175B723A83701D1BF21461D8E1E
:106E20003314C4001374F40F371901408569E38BE0
:106E300044F78327C98093F7070891EB93178401E0
:106E4000E187130709C063D30706232A37011145D9
:106E5000EF0090278327C9801145930A098093C7C3
:106E600007082326F980EF0030268327C98093F78F
:106E7000070891EB93178401E187130709C063DAD0
:106E80000702232A37011145EF0010248327C98008
:106E90001145060493C707082326F9808504EF00EF
:106EA000B0221374F40F93F4F40F51B72328370171
:106EB00079BF23283701C1BF8280EFD2CFB101440F
:106EC000639B0510AE843284B6893A8A631B061030
:106ED000856A37190140938A0A80638E440F1145F1
:106EE000EF00901E8327C9801145060493C7070849
:106EF0002326F980EF00501D8327C9801374F40FF7
:106F0000130B09809D83858B63893701832789C093
:106F1000B3F7570199C3136414001145EF00D01A59
:106F20000327C980134707082326E9808327C980E0
:106F30009D83858B6389F900832789C0B3F7570147
:106F4000C5CB1364140011458504EF00F01793F4CA
:106F5000F40F61B71145EF00301783A7CA801145C0
:106F6000858093C7070823A6FA80EF00F01583A752
:106F7000CA809D83858B638B370183A78AC0B3F753
:106F8000670189C793E404F893F4F40F1145EF0007
:106F9000B01303A7CA801347070823A6EA8083A774
:106FA000CA809D83858B6389F90083A78AC0B3F764
:106FB00067018DC793E4040811450509EF00D0105F
:106FC0001379F90FE31849F921443304244133D4E8
:106FD00084401374F40F22856FD02FA393F4F40729
:106FE000E1BF056B0149B71A0140130B0B80D9BFF4
:106FF0001374E40F89BFEFD2AF9FEF20C0296FD089
:107000006FA18547639DF500B7070240D84F799B74
:10701000D8CF90D794D3D84F13671700D8CF82809A
:10702000EFD20F9D2A840545AE84EF00D0170945A5
:10703000EF0070170545EF00D01F0945EF00701FE6
:10704000B7370020238D0722EF00B024B716024087
:107050009C4EB71501401307000893E7C7009CCE6C
:1070600023A8E580056623AAC5C01305068023A8CA
:10707000A5C003A7058037080030938705C0120715
:1070800011833367070123A0E58003A745C0B70537
:10709000F1FFFD156D8FB70503004D8FD8C3D843A1
:1070A000BD65370804004D8FD8C3D84E130606B00F
:1070B00033670701D8CE984E1367970098CEB7066E
:1070C0000140D8421377F7FCD8C2D4437D77130828
:1070D000F70FB3F60601D18ED4C388CBD443130780
:1070E0001795CD8ED4C3B757004083D6C7809387FA
:1070F0000780758FDAA7DA271367C701DAA7962BFF
:1071000075777D17758F9AABDA2B4207418313771A
:10711000F7CF42074183DAABDA2B1367070CDAAB00
:1071200003A7C180DE27C207C18763C50722B787CF
:10713000030093870740B357F702C207B7550040D3
:10714000C1832394F580130300FAB7E600E0A38B14
:107150006642B707800023A2F610371602405C4A49
:10716000138805809385458093E717005CCAB707AD
:10717000024023AE070083A8C70113050006374964
:10718000002093E8280923AE170123A00702CCD3DF
:1071900023A4070223A8070283A8070393E8680A29
:1071A00023A8170385689388088023AA17038CDF18
:1071B000B745002093858596CCDF238E6640B705C2
:1071C000001023A0B610A38EA640B708002023A06D
:1071D00016118C5B93E515008CDB8355C80089671D
:1071E000DD8D2316B8005C4E37180140B70510FF3F
:1071F000B3E717015CCE1C4EFD1593E747001CCE8C
:1072000083270880ED8F2320F880B777004083A57F
:107210000740370802E07D18B3F5050123A0B74009
:1072200083A507403708020093880740B3E50501AE
:1072300023A0B74083A507404168B3E5050123A01B
:10724000B740B74500209385456FBC3103C8250082
:10725000C565A207B3E7070123AAF8005C4E938532
:1072600085AC93E707015CCEB71700402390070079
:1072700092231366460892A32392070023960700E1
:10728000D22713661600D2A737460F00130606242E
:107290003357C7027D17420741839AB71307703EE1
:1072A000DAB7239207022383A6449307000423A49A
:1072B000F6102285EF30604EB74500209307896FA6
:1072C0000947930610080146938585162285EF30FD
:1072D000206BAA852285EF302051B7450020930707
:1072E000896F114793063008054693854518228516
:1072F000EF300069AA852285EF30004FB7450020A6
:107300009385051A2285EF406015AA852285EF3006
:10731000A04DB74500209385C51B2285EF40001482
:10732000AA852285EF30404C228593850182EF307B
:10733000A04E228593858181EF30004E3776000084
:10734000130666ACA6852285EF308057EFF0AFBFFD
:107350006FC05FECF1669377E7FF93860620B3D7A3
:10736000D702E1BB0145EF30E074371700401E2B18
:10737000C207C183F99BC207C1831EAB73002030D3
:10738000EFC27FE5B7070240C05B85663739002052
:107390009386068083578923338486404204B74905
:1073A00000201386899641803E96130989236365E0
:1073B000F4021D8C93140401C1800547A6868545FF
:1073C0000145EF3040780354090026941374F47F8C
:1073D000231089006FC07FE39D8EC206C182B30473
:1073E000D400014785450145EF30E075C204C180F6
:1073F0000547A28613868996D9B7B7570040411131
:1074000022C61384078083D70780C18B99C35E206F
:10741000853FB757004003D707808567938767800C
:10742000F98F91C35E20375700408357078032445D
:10743000C207C18393F7F7F9C207C1832310F7800E
:10744000410173002030B70702409C4393F70702C5
:1074500089C785450145EF307005370702405C4319
:1074600093E7070F5CC373002030B70702409C43CB
:1074700093F7076099C7B757004093870780DE23CB
:107480000137B7060240DC420567130707F0D98FC2
:10749000DCC273002030B73700209387072301C672
:1074A000054798A38280238007008280B737002099
:1074B00083C7072393F7F70FA9CBEFC27FD3B73466
:1074C00000209384E42296208DCEB7370020938746
:1074D000C72298231DE71384418110400547930577
:1074E0005008014598A3EF20E0261440938781853A
:1074F00023900400138707406397E6009387076093
:107500001CC06FC03FD118C0EDBF8280EFC25FCEFC
:10751000C12315E5373700201307A7231C23850750
:107520008D8B1CA30947638CE7040D47638EE7042A
:10753000054705456383E704ED290945DD2937370C
:107540000020930647239C421304472385079CC2CF
:107550009306803EB3F7D70299E3014511231C40FF
:107560005147B3F7E70299E7373500201305452C5B
:10757000EFE04FDE253F6FC0FFC9FD2E7DBF054503
:107580004D290945D52E65BF0545FD26DDBF5D7139
:1075900022D4373400201304E422BEC21E20BAC015
:1075A0002EDA03A74181930500209D8D26D2C205C6
:1075B00032DC36DE9384018154182A86C18133057A
:1075C000F70006D6C2C4C6C636CE23800400EFD06C
:1075D0008FC61E20420541818507AA972AC61EA094
:1075E000EFF0DFECB250225485479CA03245925414
:1075F00061618280EFC2DFBFB734002083D6E4220E
:1076000093070020958FC20723880180C1831389C7
:1076100001819384E4222E8463E3F5003E8483A7F2
:10762000418142044180AA8522863385D700EF50EC
:10763000F03E9E20A2979EA0EFF05FE785472300D3
:10764000F90022856FC01FBDEFC29FBA3715010038
:107650001305C5AE7924370501001305C561512412
:107660003705010013058562AD2C371501001305A0
:1076700005B2852C371501001305C5B49D246FC0D4
:107680007FB9EFC2FFB3B7170100371B0100B71B6B
:10769000010083ACC7A3B717010003298BA483297A
:1076A000CBA403AA0BA583AA4BA503AD07A4011184
:1076B0002A8CAE8402CE014437080020B71701009F
:1076C000FD5D93060806138687AA7808A68562855D
:1076D000EFE07FC5B7170100370800209308D006F8
:1076E000631AB50319E0EFF03FF6B737002023AE79
:1076F0000720B737002023A007220547B70700203F
:1077000023AEE7261307F00323A4E1802285056159
:107710006FC0DFAE0544E30615FB930760076309FE
:10772000F50093078006631DF50AEFF0FFF169B7D6
:10773000B737002003A5C721B77D0040EF50D02008
:10774000E685EF508030EF50E0774A86CE86EF40F6
:10775000E0515286D686EF40B02CEF40F0774205DC
:10776000418123AAAD4083A74D413747002013072D
:10777000476FC207C1833CA3A1833CB3EF10B03174
:1077800003A54D41EF40107B03268BA48326CBA499
:10779000EF40102903A60BA583A64BA5EF40004D93
:1077A000AE862A86EF309059EF50807CEA85AA8D0C
:1077B000EF50A029EF506052420541811306400668
:1077C0003376C5026E8532C6EF502051324693158E
:1077D000050137150100C181130585A51922E9BDF1
:1077E0008C4037150100130585A7E5280944E9B544
:1077F000138781821C43B7560020938646AD3E9581
:10780000636BD500B78600209386068063E5A600EB
:1078100008C33E858280FD57EDBF01A09791FF1FF1
:107820009381C125170100201301C17D17A5000018
:10783000130585AB9785FF1F9385C57C13868185CE
:1078400063FAC5008322050023A0550011059105A8
:10785000E3EAC5FE17C5FF1F1305459C97D5FF1F1B
:10786000938585276377B500232005001105E36D17
:10787000B5FEFD42739002BCAD4273904280B76288
:107880000000938282087390023097C2FFFF9382B8
:10789000A27793E2320073905230EFF00F8397F2A9
:1078A000FFFF938202B77390123473002030814738
:1078B0009D666393A700828013870608010001007C
:1078C0007D176DFF8507F5B701476313A700828019
:1078D000C1470100FD1793F7F70FE5FF0507F5B75F
:1078E0008280797106C62ECA32CC36CE3AD03ED2CC
:1078F00042D446D6EFF0BFC9B24045618280B73767
:10790000002083C7B723A1C7B73700209387E72399
:107910008E2395CD37070240304715EA7043799A98
:1079200070C32CC72390070093870183904330CB0B
:10793000744393E6160074C3374700201307871D6E
:107940006316E600374700201307873D98C38280FF
:10795000B707024098439316270163DD0600D8431A
:107960008966558FD8C3B737002083C7C72399E3EB
:10797000EFF0FFF873002030894763E5A702138713
:10798000018593171500BA979A2309CF93172500FD
:10799000370500201305050A3E9514418547B39726
:1079A000E7009CCA8280894763E4A708EFC25F842E
:1079B000C56713172500938747B7B7150240BA97D5
:1079C000944D9C433A8637070020D58F93860185D6
:1079D0009CCD93171500B6979E231307070A32977D
:1079E0009D46184363E5F60210438A07BD46B396E9
:1079F000F60093C6F6FFF18E14C310438D46B3977D
:107A0000F600D18F1CC3EFF03FF76FC0BF80E117C6
:107A100050438A07BD46B396F60093C6F6FFF18E33
:107A200054C350438D46B397F600D18F5CC3E1BF7A
:107A30008280894763E5A7021387018593171500A4
:107A4000BA979A2309CF931725003705002013050D
:107A5000050A3E9514418547B397E700DCCA82804A
:107A6000894763E7A7029317150013870185BA9723
:107A7000962399CE13172500370500201305050A14
:107A80003A9518418547B397D7005047B18F5CC7E7
:107A90008280371702401C4FFD769386F60F93E7DE
:107AA00007011CCFB71701409843758F98C39843BF
:107AB000856693860680558F98C3D847136747001D
:107AC000D8C78280B717014088470981058982801D
:107AD000EFC20FF29384C182942005471384C182C0
:107AE0006391E602EFF01FFE09ED294523800400B3
:107AF000EFF0FFDBEFF01FFDB337A0003E856FC056
:107B00006FF1EFF03FFC854775D91CA0C5BF01118F
:107B10002304010025471C846378F7042304010033
:107B2000A54621461C8463FCF606231501002304A8
:107B3000010095461C8463FEF60C38853C85994609
:107B40000D46B3F7D702056513050580B3D7C70205
:107B50003357D702BA97C207C1837C853C8505613C
:107B60001D8D4205418582801C4593E787001CC519
:107B70001C45A18BF5FF1C4593E747001CC51C4520
:107B8000918BF5FF74451C8410108607B2972396DD
:107B9000D7FE1C84850793F7F70F5C84ADBFA30461
:107BA00001009C846378F6001C84850793F7F70F27
:107BB0005C848DBF98849C840C100607850786071B
:107BC0002E97AE970357C7FE83D7C7FE63FDE70224
:107BD0009C848607AE9783D7C7FE7C859C84988457
:107BE00085078607AE9783D5C7FE93171700181031
:107BF000BA972396B7FE9C8438850C1085078607B4
:107C0000AE972396E7FE9C84850793F7F70FDC84F5
:107C100049BF1C841010388589078607B29783D71F
:107C2000C7FEBA97C207C1837C851C84850793F77A
:107C3000F70F5C8401B7EFC2AFDBB7170240984F74
:107C4000B166374400201367476198CFD843558FFA
:107C5000D8C3B71701409843C576FD16758F98C3F2
:107C600083A607803707F1FF7D17F98E23A0D78001
:107C7000B727014093870740D443758FD8C39847EF
:107C8000FD769386F67F1367270098C7D84313774E
:107C9000F7EFD8C39847758F98C79847B7060E0077
:107CA000558F98C7D857B70610FFFD16758FD8D7D0
:107CB000D8478566138606E0518F98CBD85B1306AC
:107CC000446F938646CE019B1367D700D8DB3832CA
:107CD0002C221304446F22074D8F1307270332070A
:107CE0003346D702D0D337C6F9FF32973347D7028E
:107CF000B70600FCFD1698D7D843019B1367D70041
:107D0000D8C398471367170098C7D843758FD8C34F
:107D10009847B72601401367870098C703A7864096
:107D2000218B6DFF03A786401367470023A4E6401D
:107D300037270140130507401C45918BE5FFEFF005
:107D40001FDDB73700202390A724B7370140938762
:107D50000780D843B706F1FFFD16758FD8C3984743
:107D6000FD769386F67F1367270098C7D84313776D
:107D7000F7EFD8C39847758F98C79847B7060E0096
:107D8000558F98C7D857B70610FFFD16758FD8D7EF
:107D9000984B9D66558F98CBD85B019B1367470026
:107DA000D8DB383034202207558F13072703856628
:107DB000938646CE32073346D702D0D337C6F9FF73
:107DC00032973347D702B70600FCFD1698D7D84341
:107DD000019B13674700D8C398471367170098C7DC
:107DE000D843758FD8C39847B736014013678700CB
:107DF00098C703A78680218B6DFF03A78680136732
:107E0000470023A4E6803737014083278780130487
:107E10000780918BFDFB2285EFF07FCFB7370020E5
:107E20002391A724B727014003A78740B706500036
:107E3000558F23A4E7401C44D58F1CC46FC08FBD51
:107E40004111B737014026C49384078083A7078078
:107E500022C64AC2858BA1CFE04437150100130525
:107E600005B81319040113590901CA85EFF07FA75A
:107E70008567138717FC4A84637B2701FD17DCD0D5
:107E8000130424FCB737014023A4878211A8930769
:107E9000E903DCD09307D003E3E427FF23A4040223
:107EA0003737014083270780F99B2320F780B727C6
:107EB00001409384074083A70740858BA1CFE0440E
:107EC00037150100130505B91319040113590901E8
:107ED000CA85EFF01FA18567138717FC4A84637B6F
:107EE0002701FD17DCD0130424FCB727014023A48D
:107EF000874211A89307E903DCD09307D003E3E49A
:107F000027FF23A404023727014083270740F99B5A
:107F10002320F7403244A24412494101730020302B
:107F200085673747002093870789231CF75C9347B1
:107F3000F5FFA2075D8D83D741831307875DE1C1FC
:107F400042055D8D93050704BA87E146130810F8D2
:107F500085480D4323810701137E150063090E0A2E
:107F6000A38167009106C2068907C1820581E39358
:107F7000F5FE93851600930710F8C2052301F70458
:107F8000C1811305600B930730046369B5021305C3
:107F9000700B0D8D1308D006635BA800938646F91D
:107FA00093950601A3010705C18193074004930639
:107FB00070FB3305F7008D8E14A185071DCAB3062B
:107FC000F700130600F990A29386170093F6F60FB8
:107FD000BA96214690A29386270093F6F60F8D0756
:107FE000BA96130610F893F7F70F90A23E978546BE
:107FF00014A38507373700202302F724828093C615
:10800000F7FF220593F6F60F558D22051DBFA381BC
:108010001701890689BF3748002093074018231CA1
:10802000F85C314783D741831308885D6399E50481
:10803000FD8B93967700B367D5004287014693087E
:1080400010F8130320F8054593F61700A1CE23017D
:1080500067009306160028B393F6F60F8583090789
:108060006390D504090606061376F60F3298B737E3
:10807000002005062300A8002382C72482803D47F4
:108080006399E50093F7F70F13977700B367E5005F
:108090006DB7CE074167B1837D17F98FC98F71BF67
:1080A00036865DB7230117016DB783A6C1802947C6
:1080B000A567B306D70293870747130600048545D3
:1080C000B3D6F602B71702409506B3D6E602984F2C
:1080D0001367570098CFD84F13673700D8CF37179B
:1080E0000140232AC78083270780370600F17D16C9
:1080F000F18F3706000BD18F2320F7803707004020
:1081000023100700930770255EB79307F0081EB78A
:108110004EAB1E231306000693E707081EA31E237B
:10812000C206C207C183F99BC207C1831EA3B7E77A
:1081300000E02386C742056623A2C7105E27C182DE
:1081400093E717005EA703560740930707404206D0
:1081500041821376F6C8420641822310C740138637
:10816000F6FF42064182D2B723940702CEAB923388
:10817000A16542064182799A4206418292B3922FCA
:1081800042064182719A4206418292AF922F420684
:1081900041821376F6F84206418292AF922F13661F
:1081A000060792AF239A070292331366260092B312
:1081B00092331366160092B303D647044D8E239272
:1081C000C704922F420641825D9A4206418292AFD5
:1081D0008357074093E707082310F740835707406A
:1081E00093E717002310F7408D47B3D6F602B73751
:1081F0000020FD162393D724B7370020A38207243D
:108200008280239AA18282807D15A54763E8A70416
:10821000C567938707BA0A053E951C41828783A7E5
:10822000C180A9462567B387F60213070747B3D76E
:10823000E702370700409507B3D7D702C207C183CB
:108240009386F7FFC206C1822316D7420D47B3D7E4
:10825000E70237370020FD172313F724828083A716
:10826000C180A9462967B387F602130707C4C1B7BF
:1082700083A7C180A9462567B387F602130707CAFB
:108280007DB7370700401A23058B19C37D558280BF
:10829000EFB21FF6B73400202A89A38204242E846B
:1082A000EFF09FF61305F9FFA5479384542463E686
:1082B000A702C567938787BC0A053E951C41828744
:1082C0000146814519A0014685451375F40FEFF06D
:1082D0003FC513078025239BE182B737002003C7E2
:1082E0004724930700067D5563ECE7029820B747C3
:1082F00000209387875DBA979C231307802501454B
:1083000093F7F707B387E70237070040FD17C20767
:10831000C1835EB7231207021E2393E717001EA333
:108320006FB05FEF054671BFB1451375F40FEFF005
:108330009FCE45B7BD45D5BFD145C5BF3747002006
:10834000B78701819306875D938717109CC29307B7
:108350001018DEA283D741831374F40F930610F82C
:108360009A0793F7077C5D8C9307875D9385670178
:108370001307875D0546137504401DC1F0A3F4B3D0
:108380000604420489074180E397F5FE85475CAF08
:10839000B737002075472382E7241307801B25BFCA
:1083A000F4A3F0B3F1BF37470020B706810193076C
:1083B000875D9386662894C3B786018193861610DD
:1083C000D4C3B78602829386161094C783D741839D
:1083D0001374F40F8546A2075D8C42049307875DF2
:1083E0004180938507021307875D130610F8137504
:1083F00004400DC1D0A7D4B70604420489074180C8
:10840000E397B7FE99472306F702B7370020130713
:10841000D00251B7D4A7D0B7C5B7B7370020373689
:108420000020938657248345462498221386572498
:108430006375B706B74700209386875DBA960385B4
:1084400006009386875D63550504B737002003D582
:108450006724B7070040239AA7429307170093F7B2
:10846000F70F1CA263F0B702B6979C2303D7618372
:1084700093F7F707B387E70237070040FD17C207F6
:10848000C1835EB7B707004079579AAB73002030BD
:10849000B7070040239A0742C9B7370700401E2399
:1084A000C207C183F99BC207C1831EA3231A0742D7
:1084B00023800600C1BF378701405C4393F707F074
:1084C0005D8D48C38280B737002083C88724B737C3
:1084D000002083A7C724B745002093868564231A0C
:1084E000F5049E229842230B150513988700A1835B
:1084F0003368F8009357870113F6F70F8987BD8B10
:108500001CB1DC4241832312050113D80701135328
:1085100066001378F80F0D8A38B113D7870130A1A0
:10852000120713564800518F13D687007AA113778C
:10853000F60F2300650013537700A304650013535F
:1085400066401373130023056500135356401373DD
:108550001300A305650013534640137313001378EB
:10856000F8002306650023040501A3060500054362
:10857000944693858564637513010D436399682060
:1085800013D786019378F70F8A0713D3680093F700
:10859000C73FB3E7670037030400130303C02A068D
:1085A000337666000563130303C0337666000D87D8
:1085B000D18F1D8B13D6060158A91377F60F15839B
:1085C00078A9135726401D8B78B913D7860093F8E6
:1085D00078001377F70F0606A30A1501198A935836
:1085E00077003366160110AD854809063396C8003A
:1085F0001CC9850733980801B388C70223280505DD
:10860000B327F6021356F841B38707033306160360
:10861000B2973386080333B8080330C5C2977CC5C8
:1086200093576740858B1CBD060793F7F60F93D6CB
:1086300077001377E707558F38ADD84593F7F707DD
:108640003CBD9357870193D6770054AD93D65740DE
:108650008D8A54BD93D627409D8A74AD93560701E9
:1086600013F6F60F8A0793556600B18BCD8F95866A
:108670007CBD858A935787002300D502058A93F62F
:10868000F70F2301C50213D67600A301C50213D646
:108690006740058A2302C50213D65740058AA30204
:1086A000C50213D64740058A2303C502374600207A
:1086B000130686638D8A2304D502144289878D8B25
:1086C000A303F5021377F70F93D786012306F5026C
:1086D000058393D70601A304E50293F7F70F13D799
:1086E00086001377F70FA207D98F7EB55C42E206AA
:1086F000416813D787001377F70F558F93D68701FB
:10870000C206558F93D607017D18A206B3F606015F
:10871000558F144618D9230AF502584693D7860177
:10872000A30AF5021396860093D706013378060153
:10873000E20713568701B3E70701D18FA206370678
:10874000FF00F18ED58F0346C5031CDD935707014B
:1087500093F6F70F9182D18E230ED502856693860C
:1087600006F0A207F58F9356870093F6F60F85451E
:10877000D58F1377F70F2305B5027EBDA300050241
:1087800005832300E504A300B50401458280094662
:10879000E398C8E813D7860113D606011376F60FBF
:1087A0002207518FC20737063F00F18FD98F1CC9AE
:1087B000850713D6D700CE0713D786003CC593078D
:1087C00000201377F70F70C53CC999BDEFB25FA2C7
:1087D0004164FD547D14631994001305F05FEF00AC
:1087E000505D01456FB01FA313050008EF00905BBB
:1087F00075D165F40D45FDB7EFB29F9F4167814785
:10880000FD56378601407D17631ED70013F74700DA
:1088100019EF93F70704014499CF13050004EF0003
:10882000505911A85C5A93F55704F1DD65F31145D1
:10883000EF0030580D4422856FB0DF9DEFB25F9B93
:10884000AA84378401405C5893F75704EDDF114543
:10885000EF00505519C51145EF00B0550D456FB0EB
:108860007F9B0545EF00105411C50545EF0070547E
:108870000545F5B71C484145E39397FE9307F05F24
:108880001CDC4848B7E7FFFDA1077D8DC9BFEFB2EB
:108890003F96374700209307076B9D46D4C3930646
:1088A000000488C394C71305076B9306004023A6F2
:1088B000070094CBEF00F0491D45EFF03FF86FB093
:1088C0007F95EFB2FF92378401405C5893F7071011
:1088D000A5CFB737002003C70725373400208547C9
:1088E00013044425631FF704374500209307056BE5
:1088F0003147D8C31307000498C71305056B130746
:10890000004023A0070023A6070098CBEF00704487
:108910003145EFF0BFF208C0B7870140985FD176CC
:10892000938656CC1367071098DFD85F758FD8DF12
:10893000B73700200547A388E7241C403E856FB069
:108940007F8D23200400C9BF0945EF00B0450DC14C
:108950000945EF0010465C5C5177130757CCF98F3F
:108960005CDC0947B737002023AAE7248947F9B719
:108970002145EF0030430DC12145EF0090435C5C81
:108980005177130757CCF98F5CDC1147B7370020BC
:1089900023AAE72491475DB713050002EF0090403A
:1089A00015C113050002EF00D0405C5C517713073E
:1089B00057CCF98F5CDC1947B737002023AAE7248E
:1089C0009947ADBF4145EF00F03D0DC14145EF0076
:1089D000503E5C5C5177130757CCF98F5CDC154730
:1089E000B737002023AAE724954789BF1305002045
:1089F000EF00503B814739D113050020EF00703B59
:108A00005C5C5177130757CCF98F5CDC1D47B73797
:108A1000002023AAE7249D4715B7EFF09FEA7300D3
:108A20002030EFB2EFFC378701405C5B93F75704CF
:108A3000EDDF1145EF00103719C51145EF00703714
:108A40000D456FB02FFD1305F05FEF009036014527
:108A5000CDBFEFB26FF7374500209307C56D130701
:108A600020FB1305C56DD8AB23A0070023A2070088
:108A700023A4070023A6070023A80700EF00B027C0
:108A80000D45EF00502B374900200545EF005029D8
:108A90009304A0041304096B130A0040CA892285B9
:108AA000232004002322040023240400232604009E
:108AB00023284401EF00F029EFF05FD119C5FD1420
:108AC00093F4F40FE9FC6FB0AFF39307A01A1CC046
:108AD000A1475CC0930700041CC41305096B9307EE
:108AE00000401CC823260400EF00B026EFF0DFD0C2
:108AF000814401E9B737002005472384E724B70400
:108B00000040930770035CC0930700041CC41385E6
:108B1000096B930700401CC823200400232604008F
:108B2000EF00302313057003EFF05FD1014949E9ED
:108B3000370A108033EA4401C164930B7003930A2F
:108B40000004130B0040130C9002FD141385096BF5
:108B5000232004002322740123245401232604002B
:108B600023286401EF00F01E13057003EFF01FCD02
:108B700039F91385096B232044012322840123241E
:108B800054012326040023286401EF00901CEFF019
:108B90005FE915F9B7870140DC4B050963C607009B
:108BA000E31699FA6D4505B7E30E99FE1397170082
:108BB000E35B07F0B737002009472384E72421B798
:108BC000C164378AFF80854A130B0004930B004071
:108BD000378C0140FD141385096B232044012322A7
:108BE0005401232464012326040023287401EF0088
:108BF0005016EFF01FE3E31805EC83274C0105093D
:108C000063C50700E31999FC71BFE30D99F8B73705
:108C100000200D475DB7EFB2AFDD41678147FD56DC
:108C2000378601407D176312D702918B85E7054592
:108C3000EF005017014409C50545EF0090170544A2
:108C40001305F05FEF00F01611A85C5A93F5570476
:108C5000F1D961FF1145EF00D0150D4422856FB0A9
:108C60006FDBEFB2EFD82A89AE84378401405C58BD
:108C700093F75704EDDF1145EF00D01219C51145E8
:108C8000EF0030130D456FB0EFD80545EF009011A0
:108C900011C50545EF00F0110545F5B71C48638483
:108CA00027014145CDB71305F05FEF0090105C48F8
:108CB00039677D8F09E7C1839EA00145E9B7139706
:108CC00027014D45E34107FC13971701E34B07FCD0
:108CD000139707010145E35807FA3D456DB7EFB219
:108CE0002FD1854741117C87EF0010069307500272
:108CF0006305050E3734002003478424914713048D
:108D000084246308F704374500209307056B09475F
:108D1000D8C31307000C98C71305056B1307004051
:108D200023A0070023A6070098CBEF009002EFF0E6
:108D30009FEEAA875DE137870140544BB74700207B
:108D40009387876394C3144FD4C3544F94C7185365
:108D5000D8C71C2009476377F70419476384E704E1
:108D600014208D47639AF602388737450020930711
:108D7000056B420798C31307000498C71305056BDA
:108D800013070040D4C323A6070098CBEF00607CF4
:108D9000EFF07FE8AA8731E1182091476313F704C9
:108DA000814725A8374500209307056B0D47D8C399
:108DB0001307000498C71305056B1307004023A091
:108DC000070023A6070098CBEF00A0789305E100E9
:108DD0000D45EFF01FE9AA8741D53E8541016FB0EF
:108DE0006FC33887B73700203745002023A6E72414
:108DF0009307056B420798C32547D8C31307000C98
:108E000098C71305056B1307004023A6070098CBEE
:108E1000EF002074EFF03FE0AA8761F1B7860140D0
:108E2000D04A374700201307876410C3904E50C3C1
:108E3000D04E10C7945254C74DB7EFB2EFB8374970
:108E400000201304096BC1472A8BA14B1305096B42
:108E5000930A0004130A0040AE895CC02320740109
:108E6000232454012326040023284401EF00606ECC
:108E70004145EFF0BF9CAA845DED93077003130595
:108E8000096B420B5CC02320640123245401232678
:108E9000040023284401EF00C06B13057003EFF0BA
:108EA000FF99AA8449E9374500209307456C7D570F
:108EB00098C31307000398C70947D8C71305456C23
:108EC0000547D8CB23A2770123A807006525930780
:108ED00030031305096B5CC02320040023245401D4
:108EE0002326040023284401AD2513053003EFF0A9
:108EF000FF94AA8429E137890140032449031374AC
:108F0000A4620DEC37052000712D65D979252A89D9
:108F1000378A014083274A0393F7A76299E7370509
:108F20002000492565D9952D2A842145A52D11C9F3
:108F300021454125914426856FB08FAC01440149FC
:108F4000EDB70945852509C50945A5258944E5B736
:108F500013050002812D11C513050002992D9944B6
:108F6000D9BF130500203D2D11C513050020912503
:108F70009D44D1B71305F05F2D2D93578901131729
:108F80008901931689003706FF005D8FF18E558F9A
:108F9000C166938606F0135989003379D900336985
:108FA00027019317840113578401D98F1317840065
:108FB000718F2180D98F758C5D8C23A2290123A00C
:108FC000890095BFEFB22FA1411102C402C68949A1
:108FD00011E1AA89B7870140DC4B39451397670037
:108FE000634C0706B73400209384C4248A202C00E5
:108FF000EFF0BFE435E1B247130550021397D700F5
:10900000635C07049C40374900201304096BC207C6
:109010001CC01305096B93077003130A0004930423
:1090200000405CC0232444012326040004C8152307
:1090300013057003EFF09F8005E199471305096B55
:10904000232034015CC0232444012326040004C8E7
:1090500009231945EFF08FFE41016FB00F9BB73721
:10906000002083C787240D476383E704EFB24F983E
:1090700009472A840145636AF70285471305700290
:1090800063E587021375F40FEFF0DFF319EDB7878F
:109090000140D843F9769386F67F758FD8C3D843BD
:1090A0002E04598CC0C3D843D8C36FB0AF961305F4
:1090B00070028280EFB2CF93011185451305000342
:1090C000E526854513052040C9268967938707F063
:1090D0000D44E1444C0837150140FC8222CC26CED9
:1090E000612C22CC3714014091474C0813050440F1
:1090F000FC8226CE5124930700084C081305044037
:10910000FC82930780043ECE852C752E93071004B5
:109110007C86680085473EC823070100312EEFF0AA
:109120005F9321E9EFF0BFBB29E537450020130429
:10913000856513058565EFF00FB905ED0355440509
:109140004205EFF0CFF415E50545EFF05FF115E1CD
:10915000B747002003C7E76A8547194563F3E7006F
:109160000545EFF04FB5B7370020A384072401452C
:1091700001A8B737002003C787248D47E30AF7FC0F
:1091800005616FB02F89B7470020014701459387DC
:10919000476F930660103386E7001022050732956B
:1091A0001375F50FE319D7FE83C757101D8D13757F
:1091B000F50F8280EFB2CF8311710122B7450020F5
:1091C0009384456F130600109385456F0A85EF4021
:1091D000E00437440008130504E031228A851305B2
:1091E00004E00D2A130404F013060010A2850A857A
:1091F000EF40C00283A7041022853EC083D74410ED
:109200007C82D5208A8522853122F92011616FB0B8
:109210006F80B737002003C797252DEFEFA2BFFB64
:1092200037440020B745000813066010938505E019
:109230001305446F938997251309446FEF30107E0F
:1092400003470900B7340020BD47130A446F9384D5
:109250008425631FF700EFF01FF3834759106399CC
:10926000A70085479CA085472380F9006FA0FFF9E0
:10927000C56513066010938505BF1305446F2380F1
:109280000400EF30B079EFF01FF0A302AA10EFF066
:109290007FF2C1BF8280EFA2BFF5EFF0DFEEB747EC
:1092A00000209387476F03C757106306A700A38268
:1092B000A710EFF03FF06FA0FFF5B7066745B7279F
:1092C0000240938636123797EFCDD4C31307B79A6F
:1092D000D8C3D4D3D8D38280372702401C4BA16691
:1092E000D58F1CCB8280B7270240984BB70602006F
:1092F000137505F0558F98CBC8CB984B13670704AF
:1093000098CBD847058B75FF984B8176FD16758FE6
:1093100098CB8280372702401C4BC166137505F03D
:10932000D58F1CCB5C47858BF5FF372702405C4708
:10933000898BF5FF3727024013060010B386F5002E
:1093400003A80600B306F50023A006015447898A46
:10935000F5FE9107E394C7FE1C4BB7062000D58F9E
:109360001CCBB7270240D847058B75FF984BC176B9
:10937000FD16758F98CB82809C4513F7070113F873
:10938000F70001C7D8413368E8008E2113F7F50FC5
:1093900039C318418146854E3D4F930F8002930299
:1093A0008004214E3396DE00B3F8C5006311160326
:1093B0009398260033131F011343F3FF3377E30021
:1093C000B318180133E7E800639FF70550C9850615
:1093D000E39AC6FD18C11307F00F6375B704544133
:1093E0002146854E3D4F930F800293028004414EEB
:1093F000B398CE0033F715016392E80213172600E5
:1094000001173313EF001343F3FFB376D300331781
:10941000E800D98E639DF701232A15010506E3199B
:10942000C6FD54C18280E39457FA10C94DB7E39743
:1094300057FE23281501DDB7B737002003A7C7253E
:10944000894710216311F70214318D4763EDD7006E
:109450003C219A0637E700E09607D58F93F7F70F80
:1094600032972300F740544105479357560033176E
:10947000C70089CA938707048A07B7E600E0B69752
:1094800098C3828093870706C5BF99C537170240E6
:109490005C4B5D8D48CB8280B7170240D84B13459B
:1094A000F5FF798DC8CB828099C5371702401C4FD4
:1094B0005D8D08CF8280B7170240984F1345F5FFA6
:1094C000798D88CF8280B787014023A0070023A22F
:1094D000070023A4070023A6070023A2070223A452
:1094E00007023707C00023A607021307F77F98DF9C
:1094F00023AE0702828054411C4537860140584202
:10950000D58FE17693860610758FD98F5845D98F00
:109510001841D98F1849D98F5829D98F5CC28280B8
:10952000378701405C4309C593E707105CC382801D
:1095300093F7F7EFE5BFB78701409843719B98C356
:109540009843598D88C38280B787014088430D892D
:1095500082801C41378701401CC754475C4110453D
:1095600093F60680D18FD58F5445D58F1449D58F6A
:109570005CC782801C41378701405CD35C411CD7AB
:1095800054571C45504593F686F0D18FD58F14491A
:10959000D58F5449D58F5CD78280B787014003A50A
:1095A00007088280B7870140DC5B7D8D3335A000E2
:1095B0008280B787014088DF8280EFA27FC3EFC03F
:1095C0001FED37370240A3000740C146A300D74034
:1095D00023000740930690022300D740FD56230541
:1095E000D74023010740930630022301D740FD56A0
:1095F0002328D740232A0740232C074083470740CE
:10960000014593E707012300F7406FA0BFC089E53C
:10961000B7370240A3810740B75700209387C78020
:109620008CA7014582800D458280BC21D831D02194
:10963000A83113988701220793F6F707518FB75780
:109640000020135888411377F77F0D891396260061
:109650009387C780634D0804514833880603C29737
:109660002396E71405472387A7142388E714B73701
:10967000024003A50741138806018546B3960601FB
:10968000C98E23A8D7409387B74DB29713072002FE
:1096900098A3B7370240938787493E96DC31D8219B
:1096A0000145A207D98F93F7F77F1EA28280514808
:1096B00033880603C297DAA7054798ABE8A7B73700
:1096C000024003A807410547B316D700B3E60601D9
:1096D00023A8D7409387A74D4DBF0145828093F7BC
:1096E000F507E205E18563C5050281EBB737024066
:1096F0000D47A38DE74C01458280373702408A072A
:109700001307B74DBA9798231367370098A3E5B7A7
:1097100099E7B73702400D47238DE74CE9BF37374C
:1097200002408A071307A74DF1BF93F7F507E2053B
:10973000E1858A073737024063C905001307B74D33
:10974000BA9723800700014582801307A74DCDBF3C
:109750000145828093F5F50719E27D55B9EAD147B5
:10976000B387F502375700201307C7807955BA979A
:1097700003C80701630F0802137836007555631A92
:109780000802D0CB94CF23AE0700B1E185E6B7370E
:109790000240239C074CB737002083C71726373772
:1097A000024093F7F70FB337F0008E07230DF74C05
:1097B000014582805E2763F3F600B687C20737371C
:1097C0000240C183231CF74C232EC740E9B737352D
:1097D0000240139725001305854D3A95FD158DEA36
:1097E00023100500B73702409387A74D3E971C23EF
:1097F000B74600209386C67FB69513F6470E9C2188
:1098000093F7F70FB337F0008E07D18F1CA34DB736
:10981000DE2763F3F600B687C207C1831EA1B73700
:10982000024093878745BA9790C36DBF93F5F507BC
:1098300019E27D55B9EAD1473387F502B7570020C1
:109840009387C7807955BA9703C707151DCF13773C
:10985000360075551DEB23AAC71423ACD71423AECD
:1098600007148DE53737024013070740A14799CA0F
:1098700050CFB737002083C7072693F7F70FB337CA
:10988000F0008E07A30DF70C01458280B737024028
:10989000FD158A05138707422E979387F74D10C34E
:1098A000BE959C2193F7C70F9CA1F9BF4111B73713
:1098B000024022C626C44AC21384074038241377C4
:1098C000F70F93762700638406222C3438348946B8
:1098D000BD8911830D8B631FD712375400201304E9
:1098E000C480D1E11C4C5A24B7340020544C9384DA
:1098F000142663E4E706998F1CCC9C20369758CC3D
:1099000093C71700504C9305000801459CA0EF0039
:1099100050631C2493F7F70F91CB1824B7370240FC
:109920001377F70FA381E740230404007A20B737A9
:1099300002409387074009C70307040063470700F5
:10994000C0CFA38D070C85479CA0B73702400947BD
:109950002385E7409387074045AAB6975CCC232C24
:109960000400854745B7139825001385A74D4295F8
:109970001821B74600201383F5FF1377470E1367AE
:10998000270018A151473387E5029386C67F3A9492
:10999000104C5A248328C401637FC704BA98338EBD
:1099A00066004C48232E140183480E00BA95198E88
:1099B00093C818009387874D4CC810CC23001E0114
:1099C000C2976373E6003287420741839AA3B73791
:1099D0000240938787453E982320B8001C219A9621
:1099E00013F7470E9C2293F7F70FB337F0008E075B
:1099F000D98F1CA199BF9A969C22469650CC93C7AA
:109A00001700232C040093E5050801459CA2EF00F4
:109A1000505325BF1DFBA9ED0359C400B7540020C6
:109A20009384C48003A6C41583A7841542091359DF
:109A30000901B38727414A9623ACF41423AEC4141A
:109A40000145EF00D052B737002093870726631CEB
:109A5000090044CCA30D040C054798A3B737002098
:109A6000A380E726DDB598231347170098A3F1BD1F
:109A7000383413770704E30A07EC1398250093861C
:109A8000B74DC29698221377C70F1367270098A285
:109A900051473386E502375700204A241307C78011
:109AA000420541813297832847150326C7150323B2
:109AB0008715AA982A963303A340232A1715232E25
:109AC000C714232C67140357C7146364E500631697
:109AD00003000145EF00B0498DBD9387C7413E9813
:109AE000232018019C2293F7C70F9CA2B9BD93763F
:109AF00007028DC2B75500209385C5800145EF0050
:109B00009018930700023CA43244A2441249410138
:109B100073002030058B6DDB4167050718C8231CD7
:109B2000040C0947230DE40CB73600200547A38039
:109B3000E626B73600202380E626B7460020938726
:109B4000C74D0147130620029386C67FBD4523906B
:109B50000700B0A3B0B33385E60023000500050776
:109B60009107E316B7FE375500201304C58013068E
:109B7000C02881451305C580EFA08FEA0145EF009D
:109B8000300AB737024023AE8740A38D074C054704
:109B9000C1B3EFA24FE49304C033B3049502130A98
:109BA000F00C938981052A89AE8A328B0144330AED
:109BB0004503CE9483C744276364F4006FA0EFE4A9
:109BC000B3078A00938787088A07CE97DC4363022E
:109BD0000B0281CFD84711CB83462B009C2F639675
:109BE000F6005A86D6854A85029705041374F40F49
:109BF000D1B7E5DFDC47F5DB0146D6854A8582979C
:109C0000EDB7EFA2EFDED431D821BC21A206D98E68
:109C10001397870113F8F67FAD8661878D8A1386C7
:109C200081056358070213F7F707B1473307F702B7
:109C30009307C033B307F5023E97B307E600239DB1
:109C40000727A38CD726EFF05F9E133515006FA072
:109C50006FDC3147B387E7021307C0333307E502F0
:109C6000BA97B297239D072DA38CD72CE9BFEFA2FB
:109C70002FD89307C0333307F50293878105BA972E
:109C80009847D4473297918E98C7D4C73A8699E6B9
:109C9000D82B19CB238A070081460146930500087B
:109CA000EFF05FAB6FA00FD7FA236DDF838707005C
:109CB000E3DA07FE814601468145EFF03FB7DDB7A5
:109CC000EFA20FD083CA050013070002411193F7DA
:109CD0000A062A84AE89B28436896386E75413075C
:109CE00000046389E75C99EB93FA3A008546638642
:109CF000DA3463870A0089476389FA4C814421AECC
:109D000003C71900A547AE21E3EAE7FEC56693172E
:109D10002700938686CFB6979C4382879306C033ED
:109D2000B306D5021C422380070013878105938761
:109D3000810536970347E72111C71442982213671C
:109D4000170098A21307C0333304E402A29783C715
:109D5000072291C798401C2393E727001CA39C402F
:109D6000A380070089470DAA85476393F5028D46B6
:109D7000938781056311D7021307C0333307E502C8
:109D8000BA972380B72283A78733A5452285829778
:109D900023200900FDAE1307C0333307E502A945B0
:109DA000BA972380072283A78733CDB79307C033A1
:109DB0003307F5029387810593F5F50FBA97A38EC4
:109DC000B720EFF0DF84E9B793D78500FD1793F74D
:109DD000F70F3947E364F7F245678A07130707D29D
:109DE000BA979C438287EFF01F849307C033B30771
:109DF000F402138481053E941C4C2301A4229C434D
:109E0000829735E1E5BD9307C033B307F5021384AC
:109E100081053E941C4C03452422DC438297E30FCA
:109E200005EC3C313821A207D98F78311987058B91
:109E3000230FE42078311587058BA30FE42088C019
:109E4000A1A89307C033B307F5021384810593F9E2
:109E5000F50F1307E00E3E941C4C6398E900DC4BB1
:109E6000E38E07E888431C21D9BF034524229C4B7D
:109E7000CE8582972A84E30305E8639209029C4019
:109E8000114798A39C400D4798B39C401821B8A354
:109E90009C401831B8B391472320F900DDACEF3076
:109EA000604A42054181930715008607C207C183B6
:109EB00013070020E364F7E498408D461CA3984004
:109EC00014B389460147131607014182E376A6FCC5
:109ED0009040B305E4008C21369605070CA2904013
:109EE0003696A30006008906F9BF9307C033B3076F
:109EF000F502138481053E941C4C034524229C47A3
:109F000001B79307C033B307F502138481053E946C
:109F10001C4C03452422DC478297E30105DE3C31DB
:109F20003821A207D98F21BF9307C033B307F502A9
:109F3000138481053E941C4C9C53E38107DC8843C9
:109F4000DC43F5BD9307C033B307F50213848105E5
:109F500018423E948347C4211CA3854735BF93F71D
:109F6000F50F938C810591EB130AC033330445033D
:109F7000338A8C00230E0A2021BD9307C033B30718
:109F8000F50293F9F50F014B814A8144930BF00FD1
:109F9000130CF00F114D954DE697984F03C52722EE
:109FA000584302972A8A094783470A0095CF834777
:109FB0001A006386A7076387B707639FE700834B91
:109FC0005A00639B7901834A3A0083472A00014B78
:109FD000A20AB3EAFA00854483470A003E9B3E9AF0
:109FE000E3645BFDE3820AFC638C04229307C033C5
:109FF000B307F40201469D452285BE9C238E3C2179
:10A00000A3800C22EFF0FFB883A78C339D452285F7
:10A01000829723200900268541016FA02F9E034CC3
:10A020003A005DBFE39A79FBE3180CFAD2852285EA
:10A03000EFF03FBDAA84094745B7130AC033330781
:10A040004503138A810503DB250083DB45003A9A2B
:10A0500083278A0103452A22DC4382978347CA214A
:10A06000E38E07C803C71900994613F8FB0F63086E
:10A07000D70863E8E600E31307C89C402380070085
:10A08000F9B9A9476300F710AD47E319F7C603D73D
:10A090002900B3070A0103452A222382E7268327E2
:10A0A0008A0103CB490083CA2900DC43014A814964
:10A0B0008297AA84930DF00F930BF00F014D154C6E
:10A0C000894C98201DC7983091476306F70C630EA2
:10A0D000870D6319970183C93400B820014AA2098A
:10A0E000B3E9E90098203A9ABA94E36C3AFDE38A1E
:10A0F00009FC6A86A1452285EFF0BFA951B9135723
:10A100008B00930710026317F7049305F00F0147C4
:10A110008147914813031002094E1DA010316304BA
:10A120001603630466026317C6013C313821A20797
:10A13000D98F0147369736956364F700E39007BCE3
:10A140001421E9FE65BE2C21F5B7E315B8FE88C0E1
:10A150001C2199B393072002E312F7BA83474A27D9
:10A160000147E30DF7B883264A2281CA902E631671
:10A1700006019C4A9CC0DC4A05B305071377F70F1C
:10A18000110AC5B7429A984083474A261CA3232048
:10A190005901854449B583CD240083CB3400E313B2
:10A1A000BBF5E3917AF5268D35BFE31DBBF36397CD
:10A1B0000A00AC202285EFF04FD22DB7E3947AF35A
:10A1C000A6852285EFF0FFA331BF9307C033330785
:10A1D000F50293878105BA9783C7C721E38007B249
:10A1E00083C71900CC216387D70291CB0D47E39732
:10A1F000E7B083D729008DE7EFF06FCE51BE13068D
:10A20000F100EFF0EFD498879C40E30907E605479B
:10A2100098A3B1B683D7290081E7EFF00FD195BF9E
:10A2200023200900E1BC93FA3A0085476399FA04B8
:10A230009307C0333307F50293878105BA9703C6A6
:10A2400047270147E30CC7AA83A6472285C603A870
:10A250000600630108028C2E83C64900639CD5006A
:10A260002686CA86CE85228502981345F5FF93542B
:10A27000F50155B305071377F70F9107E1B7894744
:10A28000E39EFAA69307C0333307F502938781054F
:10A29000BA9703C647270147E302C7A683A647220A
:10A2A00089C603A84600E31D08FA05071377F70FD0
:10A2B0009107DDB71307C0333307E50293878105A4
:10A2C000938B8105BA97984F5C4B9DCF9031D423E7
:10A2D000631CD604DA219146630BD7009546E31F31
:10A2E000D7A0BA21DC470A07BA97984311A098472C
:10A2F0001C331423A207B6973423C206B69734330F
:10A30000E206B69798C049BE1C4F99CF9031F4230E
:10A31000631CD600D6211D47E392E69EDA239C43B8
:10A320009CC02320E900B5B5504F35CA03C71900BA
:10A330001C22014A6316F70603D749008947E31F29
:10A34000F79A78225C32342222075D8F7C32A20693
:10A35000C2075D8F1C26E207D98F1832D98E38329A
:10A360004207D98E58226207558F69BFB3074B0148
:10A37000938787088A07DE97DC4389EB050A137AFF
:10A38000FA0F83C74A27E363FAFE8DBA9C47FDD7CD
:10A39000CA862686CE85228582976DF1DDBB014A6D
:10A3A000930AC033B30A5403130BF00CDE9A330B39
:10A3B0006403C1BF2DC6EF92BFE39307C033B30759
:10A3C000F5021387810532882A84B305F70090458A
:10A3D000D4454296B386064190C5D4C58DEE93868A
:10A3E000C701BA9694C593860701A107BA963306AA
:10A3F000F700EFF0FF8C01E9930500082285EFF0EC
:10A400000FAE6F903FE1814601469305000822851B
:10A41000EFF04FB4FDB78145EFF04FC1DDB782805B
:10A42000EF921FDD41118145AA841304C033EFF080
:10A430000F9EB3878402138481052C002685230791
:10A4400001003E94B7078000938777503EC4231ED7
:10A45000042093070004230104227C86EFF0EF9C84
:10A460002C00268523050100EFF02F9C0146268550
:10A470008545EFF00FF28327843385452685829743
:10A4800041016F903FD9EF92BFD61309C033330912
:10A490002503138781054111AA8421461384810570
:10A4A0004A973A85EF2090577621930700202A8714
:10A4B00063FED7008307050063CA07009305000801
:10A4C0002685EFF0CFA141016F90DFD49307C03311
:10A4D000B387F4021306C901229632C6A29790C729
:10A4E000D4C794CB238A070091CA8387070063C728
:10A4F000070081452685EFF06FB3F1B79306090198
:10A50000A2967000BA852685EFF08FFB45D9930798
:10A51000C033B387F402A297984BF6236373D70036
:10A52000BA869307C033B387F40213070020A297BB
:10A53000D4C7E365D7F88847B2476318F502930795
:10A54000C033B387F4029305000826853E94544433
:10A550001044EFF02FA01C487A20E3F6E7F693F7BB
:10A56000F703B5F385475CA8B9BF3346F5000D8AFC
:10A5700041C2F1D613F73700631D07103E862A87C4
:10A58000B388D7003D48B385C840636CB81013D674
:10A59000460093154600AE973307B500C155330604
:10A5A000B6023E850D48B296B388D7003A86B38589
:10A5B000A8406366B81613D62600F1551315260079
:10A5C0003306B602B2960146E38BC6F6B305C50064
:10A5D0003388B70003080800BA95050623800501F3
:10A5E000E5B785070387F7FF0505FD16A30FE5FE11
:10A5F000137735003DCFF5F699B7032806004106DD
:10A60000C10523A805FF032846FF23AA05FF032849
:10A6100086FF23AC05FF0328C6FF23AE05FF338862
:10A62000C840E36C07FD13D64600C155131746001A
:10A630003306B602BA978D452A97B29601463385FE
:10A64000C64063EEA50213D62600F1551315260069
:10A650003306B602B2960146E383C6EEB305A60002
:10A660003388B70003080800BA9505062380050162
:10A67000E5B73E86AA85B388D7003D474DB73385F9
:10A68000C700032805003305C70011062320050174
:10A690007DB785070387F7FF0505FD16A30FE5FEC8
:10A6A000C9BD0C424106410713D385002308B7FEFC
:10A6B000A30867FE13D30501E181230967FEA309FF
:10A6C000B7FE832546FF13D38500230AB7FEA30AEE
:10A6D00067FE13D30501E181230B67FEA30BB7FED1
:10A6E000832586FF13D38500230CB7FEA30C67FEDA
:10A6F00013D30501E181230D67FEA30DB7FE83256A
:10A70000C6FF13D38500230EB7FEA30E67FE13D337
:10A710000501E181230F67FEA30FB7FEADB511055B
:10A720008325C5FF110613D38500230EB6FEA30EA5
:10A7300066FE13D30501E181230F66FEA30FB6FE6B
:10A74000BDB5314793F7F507B387E7021307C03369
:10A750003307E5023E9793878105BA9783A70728B9
:10A7600091C7EF92FFA882976F90DFAA828031474E
:10A7700093F7F507B387E7021307C0333307E50202
:10A780003E9793878105BA9783A7072E91C7EF92CB
:10A790003FA682976F901FA88280EF927FA59307B4
:10A7A000C0333305F502938781052E841306C03329
:10A7B0008145AA973E85EF90BFA6130700F8230CAA
:10A7C000E52637A700001307E7C62320E52837A7AB
:10A7D00000001307473B00CD230A0526230C052C58
:10A7E0002320E52E6F901FA39307C033B307F50214
:10A7F0001306F00C138781053305C502BA9783C68B
:10A80000472794AD3695130585080A053A958506C0
:10A810004CC1238AD72682809821D0419316870184
:10A82000E1869387810563D20602B1459376F707E7
:10A83000B386B6029305C0333305B5023695AA97A1
:10A84000238CE72623A0C7288280B1469305C03316
:10A85000B306D7023305B5023695AA97238CE72CA9
:10A8600023A0C72E82801397850161879387810576
:10A8700063500702314793F5F507B385E5021307E7
:10A88000C0333305E502AA95BE9503D5A52782807E
:10A890003147B385E5021307C0333305E502AA95B6
:10A8A000BE9503D5A52D82809307C0333305F502ED
:10A8B00093878105AA9703C5C7213335A0008280FD
:10A8C00011C101A0EF92DF92B737002013848105F8
:10A8D00023A4B726232CC432EFE03FCEAA8401463E
:10A8E000AD450145EFF0EFAA83278433AD4501451F
:10A8F000829726856F901F9285476386F5009D4756
:10A900006386F504828037570020130787A94146E4
:10A9100030B370B723240700232A070037370020FD
:10A9200093874139B7360020231E072637070200D8
:10A93000938646289385470037360020090793877A
:10A9400087208CC22320E628DCC28280EF925F8AB7
:10A95000B734002037540020130404AC93844428F7
:10A9600090400C20930600202A89EFE03FECD04075
:10A970000C24930600204A85EFE05FEB6F909F89DF
:10A98000EF927F85AE89854563E3C512373A002093
:10A99000AA8A130A0A2789E783250A006389051012
:10A9A000B1442320FA00B3079602B75400209384E1
:10A9B00084A9931516008948131326003735002003
:10A9C000130545271A9513143600BE94B7070010D7
:10A9D0009CC099678907DEA0B73700209387C727F7
:10A9E000B29723800700B737002093870728AE97D8
:10A9F00093054020B305B60223901701B737002016
:10AA0000938747289A9723A40400375900201309F5
:10AA100009AC22991388450093854139C2958CC3AE
:10AA2000B72700209315B60093874721AE971CC126
:10AA3000130500062380170188B3B71700209387FA
:10AA40004721AE972380170188B3B7B700009387DB
:10AA5000A7DD23A4F900B7B700009387878FB75508
:10AA6000002023A6F900938505ABB7B7000023A00B
:10AA7000090023A20900A295938707D3DCC1B7B7C9
:10AA800000009387C73C94A12322F9002300E9002A
:10AA90005685EFF07FD8CA855685EFF0FFD783271C
:10AAA0000A009223335686400D86058AB0A04E8553
:10AAB0006F90AFF5EF924FF1373700209306C7281C
:10AAC0009C4237540020373900208507B7390020D1
:10AAD000373A0020B75A0020AA8B9CC2130484A9DD
:10AAE0008144130BC7281309C92793890928130A1E
:10AAF0004A27938A0AAB83270B0014441387F70F66
:10AB00006375D70038303E9718C4184463E7E702EE
:10AB1000B3079900982315E3054798A3939614006B
:10AB20001397240093973400CE965297D697962287
:10AB300010438C235E85EFE0FFC1310499C06F9014
:10AB40002FEC85444DBFEF92AFE7373A00209307D3
:10AB50000A28939C1500E69741112A8B2E89B6840A
:10AB60008223130A0A2891E661E7268541016F9046
:10AB7000EFE8B7370020939A250093874727056CA5
:10AB8000B28B8148130DE07FBE9A0948854D130CA6
:10AB90000C809377F41F99EB636A8D0083A70A00FA
:10ABA000A297050442042380070141809377F41F94
:10ABB000639DB701636B8D0083A70A0093060006AF
:10ABC000A2970504420494A34180B307940093061E
:10ABD000F07F63D6F600B3048C40C204C180937743
:10ABE000F41F93060020B387F640C207C183A689ED
:10ABF00063F39700BE8903A50A00C20993D909012E
:10AC0000DE8522954E8642C63AC446C2EF200061D8
:10AC10009248B38734414E94C207B3841901420469
:10AC2000C204C183CE9B4180C18022473248ADEB34
:10AC3000669A23108A0015DBB73700209387C72751
:10AC4000CA9798231DF315D00547B739002098A35C
:10AC50009389492793172900BE99B75700201317E6
:10AC60003900938707ABBA978C2303A60900A28605
:10AC70005A85EFE03FAE89472310FA0003A7090089
:10AC8000B72700202E0993874721CA97631DF70035
:10AC9000B7170020938747213E9923A02901F1B5DA
:10ACA000A688BE84FDB523A0F900C1B5EF924FD4AC
:10ACB000B73700201397250093874728BA97139733
:10ACC0003500B7550020938505ACBA9590438C218B
:10ACD00093060020EFE09FB56F90CFD39397850147
:10ACE000E18763CA0700B737002083A707278605D7
:10ACF000BE958A21828041657D15828082809397EE
:10AD00008501E18763C40702B737002083A70727BF
:10AD100013971500BA9792A39307F0076398F5006D
:10AD2000EF920FCDEFC02FAD6F90CFCE828082809B
:10AD3000EF926FCAB7570020938707AB9823630F32
:10AD4000B7069C27639AB7060544B7370020131946
:10AD50001400938707283E9983560900894963F3B5
:10AD6000D906B73700209387472793142400BE9451
:10AD70009040EFE03F9EB727002094401317B400A7
:10AD80009387472123103901BA97639BF602B717BF
:10AD90000020938747213E9798C0B1473304F402BF
:10ADA000B7570020938787A9373700200327C72884
:10ADB0003E943C30BA971CC46F902FC5014471B7C4
:10ADC0009CC0E1BFB73700209387C727A297A28511
:10ADD00023800700EFF0BFF5C9B7EF926FC10111F3
:10ADE000A30B010003C35500DC212E88220333632B
:10ADF000F3009375F30F23A00600814789C593875D
:10AE0000F5FF93F7F70F834818001D476367170591
:10AE10009945014763F7B800094E63681E016388CE
:10AE2000080A3A8505616F90EFBE11476381E81A01
:10AE3000637B1711B145B385B702B75700209387DD
:10AE400087A9373700201307C726AE97DE231EA336
:10AE500018C223A0C6010147E9B731476386E80657
:10AE6000636C1701A9456383B80463E0151BA5460D
:10AE70006382D8187D5775B7930710096389F81A4C
:10AE800093072009638EF81A93070009E394F8FEEC
:10AE900036C632C4EFF09FE4B737002022469387CE
:10AEA000C7268AA31CC2B246894729A8FD17B387C3
:10AEB000E70213873700B7570020938787A9BA970F
:10AEC0001CC285479CC241BF93077101D5BF834611
:10AED000380003472800A206D98EA9E2B145B38500
:10AEE000B702373700201307C7273E9793961700FE
:10AEF00023000700B7570020373700201307072823
:10AF0000938787A93697AE97B73600202310C701DD
:10AF100083A6C628B833369798C735BF054601477C
:10AF2000E391C6F0373700201307C7273E97939564
:10AF30001700B737002093870728AE972300070034
:10AF40002390C70109BF0346380083462800220624
:10AF5000558E9356630013F706049356E600931537
:10AF60002601D98EC981014699CA054713F6F60F05
:10AF70006388E6026305C60175161336160013735F
:10AF800003206311030237C72D001307076C85E107
:10AF90003ACC230F01003008BE85EFB0DFBD65BDA0
:10AFA0001146F1BF3727B700130707B0CDB7854665
:10AFB0006397D5008D463357D7020607D1BF8E055C
:10AFC000B295C2050E07C1813357B702D1B7034707
:10AFD00038008346280002CC2207558F93568700FD
:10AFE000230FE1002D839D8A0D8BA30ED100230E2C
:10AFF000E10055B7B387E70237570020130787A949
:10B00000BA9703472800B8B3B9B5B387E7028346B8
:10B01000380003462800B7550020A206D18E93853C
:10B0200085A913D78600AE9798A394B32DB583470F
:10B03000380003462800A2075D8EEFF05FCC21BDEB
:10B04000EFF0DFCB09BD01458280EF92CF98B14789
:10B05000130A4020B387F502B7540020938484A9D3
:10B0600041112A892E84328B8149938A4139338A4E
:10B070004503BE9463906905A28505478146014654
:10B080004A85EFF05FAC3737002093172400130791
:10B0900047283E97B7570020938707AC0E043E948D
:10B0A00010430C20930600204A85EFE02FF8410161
:10B0B0006F90AF95B3874901D6979823943090202D
:10B0C000A2854A85EFF03FF8C887014785461306F9
:10B0D000F100A2854A85EFF01FA7850961BFEF92B5
:10B0E0002F8E1309402033892503373E0020930714
:10B0F0004E29AE97130101DE9023138C4600238066
:10B100000700938741393EC2338A270193170C0108
:10B11000C18311443ECAFD17AA892E8D118C814C22
:10B12000814D02C0930B4E293ECC63678407338E5A
:10B13000AB0103470E0011CFB307E9401389413932
:10B14000131607013E994182814763E6C72685476A
:10B150003EC0024793960D011010EA85C1824E85CC
:10B16000EFF07F9E3737002093172D0013074728F5
:10B170003E97B7570020938707AC13133D003E93CB
:10B18000104383450300930600204E85EFE00FEA4D
:10B19000130101226F908F86B3078A0090239317C3
:10B1A0008601E18763D6070E934706087547636FEC
:10B1B000F70C45678A071307C7D5BA979C43828760
:10B1C0009304340063699C04924733068900EA853E
:10B1D0003E964E85EFB07FB0268481BFEA854E85CE
:10B1E000EFB09FB71C14EE972380A7E0850D930462
:10B1F0001400DDB793042400636F9C001C14EE97C9
:10B20000238007E0850DC9BF93043400F5B793048C
:10B210004400E3739CFCB387AB0133078C4098A3D5
:10B22000A28CE28455BF8547930414003EC06DB7DD
:10B23000B787930337370020938707702328F728B1
:10B240007DB7B727B70037370020938707B0FDB722
:10B25000930424007DBF9304340065BF930434003D
:10B2600063799C00B387AB0133078C4098A3A28C11
:10B27000E2841C14EE9769572380E7E033079A00B5
:10B280001823890DA380E7E08504B9B7A284D5B758
:10B290009377060793041400A1D31377260293062D
:10B2A000200289476303D7008D47A2976360FC0A99
:10B2B00093041400B3069A009377260083C2060015
:10B2C00085C78502854A93572640858B3EC4937770
:10B2D0000605135B36403EC693770602137B1B00C0
:10B2E0003EC81374060155A893042400B3059A00C0
:10B2F00083CF050093770605A20F850FB3EF5F009C
:10B30000939A0F0193DA0A01A142D5DFB3879A001D
:10B31000E3EB87FBB387AB010D4798A3D2471397A5
:10B3200004014183B307F740B38FFA0093970F01ED
:10B33000C18313D5870088A19CA2E247A28CB38F5A
:10B34000E740939A0F0193DA0A01B5BFB387AB01C7
:10B3500033078C4098A3A28CE2843DB7B247130612
:10B36000F00F89C78504B3079A009023C2478DCB9D
:10B37000A24613F7F20F5A86EA854E8516CEEFB035
:10B38000DFB31C14EE972380A7E0850DF242938F64
:10B39000FAFF939A0F0193DA0A01E3910AFCEDB5E3
:10B3A0007DD493F7F20F0147DA86EA854E8516CEF3
:10B3B000EFB09F9DE1BFB306E900E69694228507B2
:10B3C000C2072302D900C183050941B337570020C2
:10B3D000130707AC1423AE876387B600182785458B
:10B3E0006304F70082808145EF829FE0B2863E864B
:10B3F000B1473387F502B7570020938787A9BA97DB
:10B400009C232147638EE702636FF7000947638936
:10B41000E70211476385E70005476396E702368632
:10B42000EFF0BFC221A8130700026389E7001307EA
:10B4300000046385E70041476397E7006F809FDD65
:10B44000EFF0FFC9E5BFB7370020139725009387BA
:10B450004728BA979043EFB0DFBACDB7B7B700002F
:10B460009387E7499CC123A2050023A4050023A6D6
:10B4700005002E8582808280930700F81CA2930726
:10B4800040F81CB2F9473CA2A147A30106007CA2E8
:10B49000A302060023020600828082808280EF825F
:10B4A0003FD59C311307100201113284C4216389F6
:10B4B000E7062A89636AF700130700026382E7023E
:10B4C0007D5505616F801FD5130720026389E70250
:10B4D00013073002E396E7FEA685EFF03FFC31A8A4
:10B4E000FC31F0210C40A2075D8E2808EF101053AC
:10B4F0003008A6854A85EFF01FF80145D9B7A0317D
:10B50000B021A6852204518C13761400EFB0BFF849
:10B5100013561400058AA6854A85EFF01FF8F1BF7F
:10B520003008A68536C6EFF03FF508401D462C08CA
:10B53000EF10D04EB2469D479CC2C1B737081000ED
:10B5400001117D183377B80026CA3378D80093D418
:10B55000450113D34601131E37004EC61357D501BC
:10B560000E089357D60193F4F47F1373F37F06CE3E
:10B5700022CC4AC893D9F50193DEF6013367C7019F
:10B58000131F350033E80701931F3600338E6440E4
:10B590006380D9196356C0136304031CB706800087
:10B5A0009307F07F3368D800638FF43693078003E6
:10B5B00063C0C735FD4763CDC74713050002330598
:10B5C000C541B3D7CF01B316A8003399AF00DD8EC4
:10B5D00033392001B357C80133E926011D8F3309E0
:10B5E0002F41B3372F013306F7409317860063D4FA
:10B5F0000724370780007D173374E600630C042CA2
:10B600002285EF10902D130785FF93070002998F75
:10B61000B357F9003316E400D18F3319E9006341C1
:10B62000972A33059740130615007D47634DC738A9
:10B6300013070002118FB356C9003319E90033977D
:10B64000E700558F333920013369270133D6C7000E
:10B6500081449377790081CF1377F900914763088C
:10B66000F70013074900333927014A963A8993179F
:10B67000860063D6071C138514009307F07FCE85E0
:10B680006304F520B70780FFFD17F18F9398D7016A
:10B6900013593900A607B3E82801B1831375F57F64
:10B6A0009396C7005205F2406244B182FE05C98EEE
:10B6B000CD8ED2444249B2494685B6850561828025
:10B6C000631E0E0A138314001373E37F63170322B0
:10B6D000B367E701B368F801639D041A6387074005
:10B6E000638608443309FF41B307074133362F010E
:10B6F0003386C7409317860063D6074C3389EF41E2
:10B70000B307E84033B62F013386C740F68991B7B7
:10B710006350C00F6300030CB70680009307F07FEF
:10B720003368D800638AF43A9307800363CBC71366
:10B73000FD4763DFC73513090EFE93070002B356BA
:10B740002801630AFE00130900043309C9413319B3
:10B750002801B3EF2F013339F0013369D90031A249
:10B76000B367F801638A071C9307FEFF638C0738F1
:10B770009306F07F6309DE1A3E8E0DBDB30593403C
:10B7800063910422B367E701638707329387F5FF6C
:10B79000638107449306F07F638CD520BE859307B1
:10B7A000800363CCB72AFD4763CFB73C9307000201
:10B7B0008D8F3319F700B356BF00B317FF003369FD
:10B7C000D900B337F0003357B7003369F9003308B5
:10B7D000E84041ACB367F801638007349307FEFF8C
:10B7E000638A07209306F07F6308DE2E3E8E2DBF0E
:10B7F000631E0E149386140093F7E67F639107345B
:10B80000B367E7016395042C6380073EB367F801D3
:10B81000638E07303309FF01B3070701333FE901A6
:10B820003386E7019317860063D70700B70780FFC9
:10B83000FD177D8E854493777900E39F07E093178A
:10B84000D60193583900B3E8F80093573600130730
:10B85000F07F638DE404B207B18313F5F47FCE85E6
:10B8600081B53369F801333920017A99B337E90199
:10B870003386E70093178600E3DF07FA8504930712
:10B88000F07F6396F418CE851305F07F81478148D9
:10B8900001BDC1EB6384083A931636009317D801B3
:10B8A0008D82B3E8D700F68993573800B3E7F800E4
:10B8B000F9DB81451305F07FB70708008148CDB358
:10B8C000370680FF7D167D8E93777900998CE395FE
:10B8D00007D8B5B74A85EF10500013078501FD471B
:10B8E000E3D5E7D2130685FFB317C900014905BBAD
:10B8F0003369F80133392001DDB13309FF413306E3
:10B90000074133342F01330486409317840063CDFD
:10B910000724B3688900E39308CE814781498144B5
:10B920001DBFE39808F80E059317D7010D81B3E802
:10B93000A700935737009DBF0E059317D7010D81C0
:10B94000B3E8A700F2849357370011B7330593404B
:10B9500063820412B70680009307F07F558F630D52
:10B96000F32E9307800363CBA720FD4763C3A72A69
:10B9700093070002898F3319F700B356AF00B3174E
:10B98000FF003369D900B337F0003357A70033699C
:10B99000F9003A987E99B337F901338607019A8402
:10B9A000D1BDB70680009307F07F558FE319F3DE12
:10B9B000931736008D839318D801B3E81701F689E1
:10B9C00093573800E5B5130715FE9306000233D7E9
:10B9D000E700630AD600930600043386C640339618
:10B9E000C7003369C900333920013369E9000146D2
:10B9F000814491B53309FF01B30707013336E901EB
:10BA00003E96931786008544E3D707E28944B7073B
:10BA100080FFFD17F18F135719001379190033694F
:10BA200027019398F70133E9280113D6170015B1C0
:10BA300013090EFE93070002B3562801630AFE00A5
:10BA4000130900043309C94133192801B3EF2F0149
:10BA50003339F0013369D90059B63369E701333915
:10BA6000200133892F41B3B72F013306F8409A8460
:10BA7000F689A5BEB367E701638207189307F5FF50
:10BA80006384071C9306F07F6304D5123E85D1BD05
:10BA900093070002B387C741B316F8003399FF003C
:10BAA00033D6CF01D18E33392001B357C80133E9E2
:10BAB00026013E975DBB931736008D839318D801FE
:10BAC000B3E81701AE8493573800F68949B3EDC344
:10BAD0003369F801E31F09DC0E059317D7010D81C7
:10BAE000B368F50093573700D1B36381080E9316FE
:10BAF00036009317D8018D82B3E8D700F6899357A3
:10BB0000380091BB3309FF41B3070741333F2F0191
:10BB10003386E7418544D1BC0E059317D7010D81CB
:10BB2000B368F500F2849357370015B30E059317E9
:10BB3000D7010D81B3E8A7009357370029BB9307BE
:10BB4000F07FE382F6D43309FF013336E901B3070E
:10BB50000701B2979398F7011359190033E92801A7
:10BB600013D61700B684C1B93389EF413307E840D3
:10BB700033B62F013304C740F68949B43369E7016E
:10BB80003339200101BD938705FE93060002B357A8
:10BB9000F700638AD50093060004B385B6403317D7
:10BBA000B700336FEF003339E0013369F90055BD59
:10BBB000931736008D839318D801B3E81701935774
:10BBC0003800EDB1B368C900E39708C681478149E1
:10BBD00059B13389EF41B307E84033B62F013386BB
:10BBE000C740F689854411B4931636009317D801DF
:10BBF0008D82B3E8D70093573800B1B99316360059
:10BC00009317D8018D82B3E8D700AA8493573800E0
:10BC10003DB9930705FE93060002B357F700630A88
:10BC2000D500930600043385A6403317A700336F71
:10BC3000EF003339E0013369F900A9BB81451305F1
:10BC4000F07FB7070800A9BC3309FF01B30707015C
:10BC50003336F9013E9675B3931636009317D80123
:10BC60008D82B3E8D7009357380089B1397193D7E3
:10BC7000450122DC4AD856D22A891394C50006DE33
:10BC800026DA4ED652D45AD05ECE13F5F77F3180E5
:10BC900093DAF501630B05109307F07F630BF5143E
:10BCA000135AD9010E0433648A00370A8000336ABC
:10BCB0004401131B3900930415C00144814B13D870
:10BCC00046011399C6001378F87FB2881359C9004A
:10BCD00093D9F601630E08089307F07F6300F80418
:10BCE0001357D6010E0933692701130818C0B70787
:10BCF00080003367F90093183600B384044181450E
:10BD0000BD4733C83A0163E4871A97570000938709
:10BD1000A70C0A043E9410403E9602863367C90081
:10BD200093841480631207101364240081488945AA
:10BD3000C1BF1306F07F81470147B207F25062543A
:10BD40005206B1837E08D18FB3E70701D25442591E
:10BD5000B259225A925A025BF24B3A85BE85216152
:10BD6000828001481306F07FB70708000147F1B74A
:10BD70003367C9004DC7630809304A8532C4EF10E4
:10BD8000C0352246130755FFF547930685FF998F67
:10BD90003319D900B357F60033E72701B318D6009B
:10BDA00026959304353F8145A1BF336A240163037F
:10BDB0000A0636C632C46306042A2285EF10E03133
:10BDC0002246B246AA84130755FF754A138B84FF97
:10BDD000330AEA4033146401335A4901336A8A0052
:10BDE000331B69011305D0C0B30495400144814B56
:10BDF000F9B5336A240163180A002144014B930406
:10BE0000F07F894B6DBD228A4A8B31449304F07FC9
:10BE10008D4B75B51144014B8144854B4DB5136471
:10BE2000140081488545E9BD136434004A878D4577
:10BE3000C1BD630A052E8547898F9306800363DDA4
:10BE4000F632014681470147CDBDCE868947638DD5
:10BE5000F53A8D47E387F5F085473688E383F5FEAD
:10BE60001385F43FE357A0FC93F778006396072807
:10BE700093D638009317770063D80700B70700FF01
:10BE8000FD177D8F138504409307E07FE3C3A7EA86
:10BE90001316D70193179700B1833367D600137633
:10BEA000F57F61BDD6865287DA88DE8545B7636146
:10BEB0004723630DEA20DA86FD145284014B931761
:10BEC000870013D388013363F300935E0301B357F4
:10BED000D403131F0301135F0F0193D50601139EB3
:10BEE00088003374D4033307FF024204C18D63FB1F
:10BEF000E5009A951386F7FF63EE652663FCE52659
:10BF0000F9179A95998D33D7D503C206C182B3F537
:10BF1000D5033306EF02C205D58D63FBC5009A95A4
:10BF20009306F7FF63E6652463F4C52479179A95B1
:10BF3000C20741645D8F9307F4FF3375F700935890
:10BF40000701935F0E01B377FE00B302F502B386DB
:10BF5000C540B383F80293D502013386AF021E9623
:10BF60002E963385F803637376002295C168FD1819
:10BF700093550601337616014206B3F81201AA95CD
:10BF8000469663E6B6126382B6123306CB408D8EB8
:10BF9000333BCB00338B66411385F43F630C63174F
:10BFA000B358DB0393550601337BDB03B3061F0352
:10BFB000420B33EB6501637BDB001A9B9385F8FF33
:10BFC000636D6B20637BDB20F9181A9B330BDB401E
:10BFD000B356DB0342064182337BDB03330FDF02C0
:10BFE000420B33666601637BE6011A969385F6FF82
:10BFF0006367661E6375E61FF9161A96C208B3E8F2
:10C00000D8009395080193D20801C181B38EF5023F
:10C010003306E641B385BF0293D60E01B387F20221
:10C02000BE95AE96B38F5F0263F4F600C167BE9F04
:10C03000C165FD1593D70601ED8EC206B3FEBE00A5
:10C04000BE9FF696637FF6091A969387F8FF636999
:10C05000661A6368F619630FF61BBE8893E818002A
:10C0600011B54A85EF10600713075501F145930498
:10C0700005022246B246E3DAE5D4130485FF331AFB
:10C080008900014B85B3328532C4EF1000051307D8
:10C090005501F146AA87224613050502E3D6E6CEEE
:10C0A000E1173317F6008148E5B9E370CBEE729BD8
:10C0B0003335CB011A95AA961305F7FF6378D3029F
:10C0C00063E6B6106382D5102A87C1B5E3651BDF2E
:10C0D00093551B009316FA0113541A00CD8E7E0B54
:10C0E000F9BBE31DF6F7E38F06D6B9BFE31ED3FC19
:10C0F000E378CBFD2A8751BD93F7F8009146E38999
:10C10000D7D693B7C8FF9386480093C717008D8290
:10C110003E978DB381468547E34CA0FEFD58E31C56
:10C1200005D0930410C085471385E441B316A700DA
:10C1300033D6F8003395A800D18E3335A000C98ED0
:10C1400013F676003357F70001CE93F7F600114649
:10C150006388C70093874600B3B6D7003697BE867C
:10C160009317870063D80704054681470147F1B656
:10C1700036877DBBB28779B3FD46E3D7F6FA05561D
:10C18000098E930600023356C7006388D700938751
:10C19000E443B317F700B3E8F800B3361001D18ECB
:10C1A00013F67600814701CE93F7F600114601475A
:10C1B000E392C7FA931797001316D701B18313D7E9
:10C1C0003600518F014695BEE370CBF0729B33353C
:10C1D000CB011A957917AA964DBBAE88C5BBAE8622
:10C1E00031BD93171E0033BEC70172931A96F9181A
:10C1F0003E8EE315F6E7E307DEC693E818009DB12F
:10C20000BE88E30AF6FF99BD36881306F07F8147A2
:10C21000014725B6E367DEFCBE88E310DEFE99B178
:10C2200039714AD813D945014ED652D456D2939972
:10C23000C50006DE22DC26DA5AD05ECE1379F97FFD
:10C240002A8A93D9C90093DAF501630D090E930781
:10C25000F07F6306F9181354D5018E09B3693401D0
:10C260003704800033E4890093143500130919C0A2
:10C270008149814B13D74601139AC6001377F77F84
:10C28000B285135ACA0013DBF601630B071093073C
:10C29000F07F6303F7049357D6010E0A33EA470190
:10C2A000130717C0B7078000B367FA00931536006D
:10C2B0003A99814833C76A01BD463A851308190087
:10C2C00063E8361717560000130606B58A09B299B7
:10C2D00083A60900B2968286B367CA001309F97F64
:10C2E0006399071293E9290081458948E1B701471D
:10C2F0009307F07F3704080081443204D20731806D
:10C300007E075D8C598CA285F25062542685425975
:10C31000D254B259225A925A025BF24B2161828066
:10C320005A853E84AE84C68B8947638DFB0E8D474C
:10C33000E38FFBFA85472A87639EFB3881470144D8
:10C34000814465BF33E4A90061C036C632C4638C42
:10C35000092A4E85EF0070582246B246AA87130775
:10C3600055FF7544938487FF198CB3999900335412
:10C370008A0033643401B3149A0013D746011309B9
:10C38000D0C0139AC6001377F77F3309F94081496B
:10C39000814BB285135ACA0013DBF601E31907EE8D
:10C3A000B367CA00B1C7630F0A22528532C4EF00D7
:10C3B000D05222462A87930655FFF547930587FFFB
:10C3C000958F331ABA00B357F600B3E74701B31598
:10C3D000B6003309E9401309D9C08148E1BD33E40F
:10C3E000A90001ECA14981441309F07F894B59B59B
:10C3F00093E919008145854875BD4E84AA84B149E9
:10C400001309F07F8D4BBDB5914981440149854B9E
:10C4100095B593E93900D2878D4869BD894756851E
:10C42000E397FBF02A879307F07F01448144F1B53D
:10C43000C16E1386FEFF93D6040113DE0501F18C55
:10C44000F18D338695023383B60293580601330586
:10C450009E021A95AA98B382C60363F36800F69207
:10C46000C16F1383FFFF33F5670093D30701B3F761
:10C470006800C207337366003E933306950293D873
:10C480000801B387A602135F0601B3849302BE942A
:10C49000FA94B38E760263F3F400FE9E416A93072A
:10C4A000FAFF935F0401B376F400B3F9F4007D8ED4
:10C4B000C1803384D502C209338FD401B299CE989A
:10C4C000B307DE02935E0401B385BF02AE97BE9E42
:10C4D000330EFE0363F3BE00529EC1679385F7FFE0
:10C4E00033F6BE006D8C4206229693DE0E01B30534
:10C4F000D502769E3385AF0213D40501B386D302ED
:10C50000AA96A296B38FF30363F3A600BE9F41657C
:10C510007D15B3F7A600C2076D8DAA97B3855800A5
:10C52000B3B93501FA97B2953384370133B6C500F4
:10C53000B30EC4013385CE0033343401B3B7E70101
:10C54000C18F33BECE0113D406013336C5003E94ED
:10C550003366CE009394950032947E94B3E46400E5
:10C56000260493567501B3349000DD81931795002E
:10C57000CD8C558CDD8C9317740063DB070093D74B
:10C58000140085889316F401DD8CD58C05804289D2
:10C590009307F93F6359F00893F6740081CE93F640
:10C5A000F40011466388C60093864400B3B4960035
:10C5B0002694B6849316740063D80600B70700FF6C
:10C5C000FD177D8C930709409306E07F63CFF60E3D
:10C5D00093D634009314D4012604D58C318093F77C
:10C5E000F77F21BB328532C4EF00302F930655010F
:10C5F000F147130705022246E3D1D7DC6115B317D3
:10C60000A6008145F9B3EF00502D13075501F14500
:10C61000930705022246B246E3D5E5D461153314EB
:10C62000AA00814499BB85469D8EB1E71309E94173
:10C63000B3972401B3D4D40033192401B337F000E5
:10C64000B3649900DD8C93F77400B356D40081CFA6
:10C6500093F7F40011466388C70093874400B3B48E
:10C660009700A696BE849397860063D807048547F3
:10C670000144814459B113068003E341D6CC7D4681
:10C68000E356D6FA0556B307F64093050002335633
:10C69000F4006387B6001309E943B3172401DD8C66
:10C6A000B3349000D18C93F67400014499CA93F787
:10C6B000F40011468146E392C7FA13949600318044
:10C6C000F6068D80D58C81470DB99307F07F014424
:10C6D000814425B142896DBD93D74501B70610004D
:10C6E0001387F6FF93F7F77F1306E03F2A886D8FD5
:10C6F0000145FD816354F60099C182808280130652
:10C70000E0417D55E34BF6FE130530431D8D7D461C
:10C71000558F634AA6009387D7BE3317F70033556A
:10C72000A800598D828013053041B307F540335579
:10C73000F70082801DCD411122C406C62A84EF0075
:10C74000D0199306E041898EA94793F6F67F63DC02
:10C75000A7025515B317A400B207B1830147B24031
:10C760002244B207D206B183D58F3A85BE854101F6
:10C77000828081478146B207D206B1830147D58FB7
:10C780003A85BE8582802D47098FB357E400B207F2
:10C79000130755013317E400B183D1B739719357AB
:10C7A00075014AD856D25ECE931A95001359F501F9
:10C7B00006DE22DC26DA4ED652D45AD093F7F70F93
:10C7C00093DA9A00CA8B638207121307F00F63840F
:10C7D000E7128E0A37070004B3EAEA00138A17F853
:10C7E0000144014B93D775019394950093F7F70F8C
:10C7F000A58093D9F501FDC71307F00F6387E70202
:10C800008E04938717F837070004D98C330AFA404F
:10C810008146558C17470000130707640A043A94B1
:10C820001C4033493901BA978287130A1AF0F9E894
:10C830008946558C17470000130707660A043A9487
:10C840001C4033493901BA97828701491307F00F19
:10C85000B707400013959700F25062549317770181
:10C8600025817E095D8D33652501D2544259B25927
:10C87000225A925A025BF24B216182801307F00F19
:10C880008147C9BFA68ACE8B368B89476309FB1ABD
:10C890008D47E30CFBFA85476308FB0A1307FA0789
:10C8A00013F91B006355E01293F77A0099C793F7C9
:10C8B000FA0091466383D700910A93974A0063D99F
:10C8C0000700B70700F8FD17B3FAFA0013070A08C4
:10C8D0009307E00FE3C4E7FA93976A00A583137701
:10C8E000F70F8DBFB1E48546A9B763940A021144DE
:10C8F000014A054BC5BD63990A002144130AF00F94
:10C90000094BCDB58D4631B73144130AF00F0D4BAD
:10C91000D1BD56852EC6D1279307B5FFB39AFA002D
:10C920009307A0F8338AA7400144014BB2455DBD8F
:10C93000268565271307B5FFB307AA00B394E40063
:10C94000138A67078146F1B513F91B000147814738
:10C9500011B74166139554007D1693570501698EF2
:10C9600063FA9A0AB3D5FA027D1AD686014733884C
:10C97000C502B3F6F602C206558F637B07012A97FC
:10C980009386F5FF6368A70A6376070BF9152A9764
:10C9900033070741B356F7023377F702B38AC6026B
:10C9A0009317070163FB5701AA971387F6FF63E10B
:10C9B000A70863FF5707F916AA97C205B38A57411C
:10C9C000D58DB33A5001B3EA5501CA8BC1BD854636
:10C9D000998E11C76D4601478147E34DD6E6130A8C
:10C9E000EA09339A4A01B3D7DA00B33A4001B3E710
:10C9F000570113F7770019C713F7F7009146630340
:10CA0000D700910713975700634807029A07A58339
:10CA1000014789B593D61A00B3D5F6021397FA01E8
:10CA200041833388C502B1B7CE8B368B814AB1BD05
:10CA3000BA8661B7B685A9BF0547814721BD13F9FD
:10CA40001B001307F00F814731B5797122D41354BD
:10CA500075014ECE52CC9319950006D626D24AD0F7
:10CA600056CA5AC81374F40F93D99900135AF50192
:10CA700069C49307F00F6308F40E939739003707E2
:10CA80000004B3E9E700130414F88144014B13D701
:10CA90007501939A95001377F70F93DA9A0013D9DB
:10CAA000F50145CF9307F00F630CF7028E0A1307C9
:10CAB00017F8B7070004B3EAFA003A940146334581
:10CAC0002A01BD47AA869305140063E09710174713
:10CAD0000000130767408A04BA949C40BA97828783
:10CAE0001304F40F63960A0C93E424000946C1BFB3
:10CAF00001451307F00FB7074000B2502254A607B4
:10CB00005E07A5837E05D98F92540259F249624A85
:10CB1000D24A424B5D8D45618280CA86D689328B6E
:10CB20008947630FFB088D47E304FBFC8547368587
:10CB30006310FB1A01478147C9B7639D090413D7E6
:10CB40007501939A95001377F70F91440144054BB3
:10CB500093DA9A0013D9F50131F7639D0A0093E443
:10CB600014000546A9BF63920902A1441304F00F03
:10CB7000094B31BF568595239307B5FF098CB39AAE
:10CB8000FA001304A4F801461DBFB1441304F00FCA
:10CB90000D4BF5BD4E852EC689239307B5FF1304B3
:10CBA000A0F8B399F900098C8144014BB245C5B591
:10CBB00093E434000D4621B78947D286E315FBF68E
:10CBC00036851307F00F81470DBF41639306F3FFCE
:10CBD00013D6090193D80A01B3F7D900B3FADA00E2
:10CBE00033885703B389F80213570801B30A560371
:10CBF000D6994E9733061603637357011A96C16789
:10CC0000FD17B376F7003378F800C206C296939901
:10CC1000660093570701B3393001E982B2979A074A
:10CC2000B3E6D900B3E9D7009397490063D9070069
:10CC300013D7190093F71900B369F7002E8413076F
:10CC4000F4076350E00493F7790099C793F7F9006C
:10CC500091466383D70091099397490063D90700F0
:10CC6000B70700F8FD17B3F9F90013070408930795
:10CC7000E00F63CBE70493976900A5831377F70F61
:10CC8000ADBD8547B386E74011C76D460147814773
:10CC9000E345D6E61307E4093397E9003337E000AC
:10CCA000B3D7D900D98F13F7770019C713F7F70057
:10CCB00091466303D700910713975700634C070011
:10CCC0009A07A583014715BD1307F00F814735B5B6
:10CCD0002E84B5B7054781470DB513577501370643
:10CCE00080009307F6FF1377F70F9305E007B3F67D
:10CCF000A7009357F501014563F4E50099C38280CD
:10CD000082809307E0097D55E3EBE7FE9305500928
:10CD1000B3E7C60063D7E5001307A7F63395E7002E
:10CD20008280130560093307E54033D5E700828030
:10CD3000411106C622C426C20DCD9357F54133C416
:10CD4000A7001D8CAA842285492E9307E00933870A
:10CD5000A74093076009FD8063CCE702A146937763
:10CD6000F70F63D5A60061153314A40026042580AF
:10CD700021A0814481470144260413559400B24008
:10CD80002244DE07FE045D8D458D92444101828080
:10CD90009307900963DDE7009307B5019546B31744
:10CDA000F400898E3354D400B337F0005D8C95477E
:10CDB00063D6A7009307B5FF3314F400B70600FC51
:10CDC000FD16937774003376D40085C39377F4000F
:10CDD0009145638CB70011069317560063D707007F
:10CDE0009307F009758E3387A740131466002580DA
:10CDF0009377F70F51B7411106C622C415CD2A8487
:10CE0000E92C9307E0093387A7409307600963C0C3
:10CE1000E704A1469377F70F63D5A6006115331495
:10CE2000A40026042580260413559400B240224411
:10CE3000DE075D8D41018280014426041355940074
:10CE4000B24022448147DE075D8D41018280930715
:10CE5000900963DDE7009307B5019546B317F40029
:10CE6000898EB337F0003354D4005D8C954763D678
:10CE7000A7009307B5FF3314F400B70600FCFD16B6
:10CE8000937774003376D40085C39377F40091458B
:10CE9000638CB70011069317560063D707009307FA
:10CEA000F009758E3387A740131466002580260489
:10CEB00013559400B24022449377F70FDE075D8D3F
:10CEC00041018280135775011377F70F41119307C2
:10CED000170022C426C21314950006C693F7E70F65
:10CEE00025809354F50185C79357340013070738FD
:10CEF0007604B2075207B1831395F401D98FC98F15
:10CF0000B240228522449244BE854101828005EBD5
:10CF100039C42285D922A94763C6A7042D47098FA2
:10CF2000930755013357E4003314F4009317C700F7
:10CF300013079038098FB1831377F77F5DBF01CC5A
:10CF400013573400B7070800D98FB2077604B183AE
:10CF50001307F07F79BF1307F07F814759BF01475F
:10CF6000814741BF130755FF3317E40001447DBFDC
:10CF700093D645019397C50093F6F67FB183138648
:10CF800016008E071357D5011376E67FFD815D8F5E
:10CF90009318350035CE138806C89307E00F63DD7C
:10CFA00007018147139597009306F00FDE06258150
:10CFB000FE05558D4D8D82806355000B93176500DE
:10CFC0000E07B337F000D98F93D8D801B3E7170114
:10CFD00013F777006301071013F7F7009146630317
:10CFE000D7009107370700047D8F75C71307180016
:10CFF0001306F00F9376F70FE305C7FA9A07A58398
:10D0000013959700DE062581FE05558D4D8D828096
:10D01000B367170199EE85CF95479A07A5831395B6
:10D02000970093F6F60FDE062581FE05558D4D8D92
:10D030008280A5DBB7074000139597009306F00F99
:10D04000DE0681452581FE05558D4D8D8280814707
:10D05000139597008146DE062581FE05558D4D8D81
:10D060008280A5576348F804F94737068000B387E4
:10D0700007417D45598E6351F504795733070741C0
:10D08000130500023357E6006388A700938626CA7B
:10D09000B316D600B3E8D800B3371001D98F13F711
:10D0A0007700014815FB139757008546E34807F4BE
:10D0B0008146A5B781468DB7938626C83397D80099
:10D0C0003337E000B316D600B3D8F800B367D70003
:10D0D000B3E7F800E9B7C28689B7C167637CF50298
:10D0E0009307F00F1307000263EBA70097470000B8
:10D0F000938787E2AA9788233305A74082802181FE
:10D1000097470000938747E1AA9788236147330533
:10D11000A7408280B7070001636DF50061819747E2
:10D120000000938767DFAA97882321473305A7402C
:10D130008280418197470000938707DEAA97882362
:10D1400041473305A740828081456F00F06E938789
:10D150008183AA8588430111700006CE2120F24008
:10D1600005618280797122D452CC56CA5AC806D63B
:10D1700026D24AD04ECE5EC6AA8A2E8A328BEF10B5
:10D18000600F9387C183804315E45685EF10A00E8E
:10D190000145B250225492540259F249624AD24A8D
:10D1A000424BB24B4561828005061C22A9C3E39D18
:10D1B000E7FEE1BFBE8952861307D003FDB7110415
:10D1C000084061D54A86D285792275F90440CA940F
:10D1D0009C20E39677FF83A7090056851D8C098460
:10D1E00023208B00EF102009138514005DB733094D
:10D1F0004641930BD003E9B701476314E6000145AC
:10D200008280B307E5000507B386E5009C2383C64B
:10D21000F6FFE384D7FE3385D7408280B3C7A500ED
:10D220008D8B3307C50081E78D4763EDC700AA8763
:10D23000637EE508942185078505A38FD7FEE3EB80
:10D24000E7FE828093763500AA8789CA94218507F4
:10D250008505A38FD7FE93F63700C5BF9376C7FF2A
:10D26000138606FE63F0C70683A3050083A245006C
:10D2700083AF850003AFC50083AE050103AE450152
:10D2800003A3850183A8C5019385450223A07700E8
:10D2900003A8C5FF23A2570023A4F70123A6E70193
:10D2A00023A8D70123AAC70123AC670023AE170127
:10D2B0009387470223AE07FF75B790419107910509
:10D2C00023AEC7FEE3EBD7FEE3E6E7F6828001116B
:10D2D0004AC84EC652C406CE22CC26CA2A89AE8976
:10D2E000054A05090344F9FFEF10E06C22951C3153
:10D2F0008D8B6394470113040402850983C4F9FFED
:10D30000EF10606B26951831A6870D8B63144701CB
:10D31000938704023305F44011E1E1F7F2406244DF
:10D32000D2444249B249224A0561828093F5F50F01
:10D330001C2191C76393B70082800505D5BF91C1B9
:10D3400001458280AA87850703C7F7FF6DFF3385F4
:10D35000A7407D15828015C27D160147B307E50001
:10D36000B386E5009C2394226396D7006304C7002C
:10D370000507EDF73385D740828001458280011192
:10D3800022CC2A872E843A85A28532C606CEEF109B
:10D39000305432462A88AE8805C651801374F47F13
:10D3A0009307B006818F635DF000D2073707F03F27
:10D3B00001483E974286BA86EFE09FE62A88AE880B
:10D3C000F24062444285C6850561828035714AC952
:10D3D0002A89368532D436C606CF22CD26CB4EC713
:10D3E000EAD8EED62E8D52C556C35AC1DEDEE2DC37
:10D3F000E6DA82C8EF10A05DAA8D0841814401449D
:10D40000EFF05FF4B246AA89EAC635469305B0024A
:10D410001305D00213080002A548B6479823636B92
:10D42000E608637F170955C702C8364A9307000309
:10D43000814A03470A00631BF71283471A00130748
:10D4400080056388E70013068007130700036396CF
:10D45000C710C24736889808D4081746000013063C
:10D4600066C1EC004A85EF00906C93797500AA8A3A
:10D470006388090099476397F906050AD2C602C86E
:10D48000A25781C7B64722571CC3C247B9C7B705C1
:10D490000080A18DFA406A4426854A49DA44BA4997
:10D4A0002A4A9A4A0A4BF65B665CD65C465DB65DD4
:10D4B0000D6182806309B7006303A702E31607F7D3
:10D4C0008507BEC699BF02C813871700BAC69C332A
:10D4D000A9FFA257EAC602C8D5F7A28565BF0547CE
:10D4E0003AC8DDB7464611CA93055003A808EF10A5
:10D4F0005062C6454A85EF10C059FD19914763EE49
:10D50000370117470000130727B18A09BA9983A783
:10D510000900BA978287E644764493FA8A00E38149
:10D520000AF6B70700805D8CA1BFF6453704F0FF0F
:10D530007D14B3F785005644E64413043443931531
:10D54000440133E4B700D1BF3704F07FF9B7B70522
:10D55000008013C4F5FFFD54C9B7B6479386170082
:10D56000B6C69C33E38BE7FE81DF854AB64C014AA1
:10D57000814B014CA546A145A9473645034B050003
:10D5800013070BFD1376F70F63FDC60483A50D008B
:10D590004E86EFF05FDC3DC1DA87E28D8146014BBC
:10D5A0000145130750066387E700130750048149BC
:10D5B0006395E71663960D00B3E7560199DB814D3D
:10D5C000364D1307B00293071D00BEC683471D00EA
:10D5D000638FE70C1307D00201486390E70E0548FC
:10D5E000C1A863C98501B38BFB02BA9B0505050C75
:10D5F000AAC661B7330AFA023A9ACDBF36458146C8
:10D600004E95AAC61C21630B0C06014BE28D1387B5
:10D6100007FD25466375E602054561B7B6478506F1
:10D6200013861700B2C69C33E38AE7FE1387F7FC24
:10D630002146E366E61EB64C368B814D81469387C4
:10D6400007FD1387160085C73A9B3385B6016E87A1
:10D650002148C14829466316A702850DB69DA146FB
:10D6600063CEE6022947B38BEB020147BE9BB64768
:10D6700093861700B6C69C33BA8651BF13070003C2
:10D6800065B7930517006346E800B38BCB022E877E
:10D69000D9B7E3CEB8FE330ACA02D5BFC1460147A7
:10D6A000E3C7B6FDA946330ADA023E9AC9B7014874
:10D6B00093072D00BEC683472D00138707FD25461F
:10D6C0006365E60C130700036385E70A1387F7FC1D
:10D6D000214681496363E604B648138707FD254365
:10D6E000294EB64713861700B2C69C33938507FDB3
:10D6F00093F5F50F6375B308956933061641938961
:10D70000F9E1A148CE8563C6C800BA8963D3E500B4
:10D71000AE8963040800B309304163960D0CB3E68B
:10D72000DA00E39F06D4E31605DA1307E004638901
:10D73000E706634FF70413079004E39CE7D8974587
:10D74000000093852592E800EF10C00DE30305D893
:10D75000B6479745000093852591E800FD17BEC6A2
:10D76000EF10400C01E5B6478507BEC63704F07FD1
:10D7700001BBB64713861700B2C69C33B1B7330757
:10D78000C703BA97138707FDA9BFEAC6814971B7D6
:10D7900013079006E385E7FA1307E006E39BE7D259
:10D7A000974500009385C58CE800EF10A007E302C1
:10D7B00005D2B6479823930780026313F702B00897
:10D7C000974500009385458CE800EF108008954749
:10D7D0006318F500F6453704F07FE6444D8C4DB1F3
:10D7E0003704F8FF71B9B38A694163130C006E8C7A
:10D7F000C1476E8D63D3B701414D5E85EFE09FF366
:10D80000A547AA842E8463DCB70393077DFF139793
:10D810003700974700009387678FBA979043D443A8
:10D82000EFE01FA02A845285AE84EFE0BFF02A8685
:10D83000AE862285A685EFD07FD0AA842E84BD47F0
:10D8400063CDB709E38E0AC2635450075947634357
:10D8500057038E0A974700009387478BBE9A03A50C
:10D860000A0083A54A002686A286EFE07F9BAA8451
:10D870002E8439B1130750023307B741634F570560
:10D88000B38DB741174900001309498893973D00AC
:10D89000CA978843CC43B38DBA412686A2868E0DA3
:10D8A000EFE01F98CA9D03A60D0083A64D0075BF2B
:10D8B000A95763C4FA02B3093B41139B3900974946
:10D8C00000009389A984DA9903A6090083A6490078
:10D8D0002685A285EFE08FB959BF338DAD41569DA6
:10D8E0006357A0119377FD0099CF174700001307E6
:10D8F000E7818E07BA978843CC432686A286EFE05D
:10D900003F92AA842E84137D0DFF63080D0A9307AE
:10D91000401363D5A705014B814902C6814B93078C
:10D9200020022320F9003704F07F8144B247E389C5
:10D9300007B4C6454A85EF10C015DE854A85EF104D
:10D940004015CE854A85EF10C014B2454A85EF10C8
:10D950004014DA854A85EF10C0131DB6135D4D40A3
:10D960002685A2858147014A05489738000093889B
:10D9700068776346A80599C3AA842E8417370000E8
:10D980001307477693173A00BA978843CC43370773
:10D99000B0FC22972686BA86EFE09F883704F07F96
:10D9A000B377B4003707A07CAA84E366F7F637079D
:10D9B000907C637AF7027D14FD54014ADDA8137749
:10D9C0001D0011CF13173A00469710435443EFE060
:10D9D0003F8585470548973800009388A870050A59
:10D9E000135D1D4079B7370450032E94F9B7E30651
:10D9F0000DFC330DA0419377FD0099CF1737000040
:10DA00001307C7708E07BA979043D4432685A28523
:10DA1000EFE0CFA5AA842E84135D4D40E30F0DF8EF
:10DA2000FD4763DDA701014B814902C6814B930786
:10DA30002002814401442320F900CDBD137A0D0159
:10DA400063040A00130AA0062685A2859737000002
:10DA50009387C765014793761D0081CA9043D443DD
:10DA60003EC6EFE0EFFBB2470547135D1D40A1073F
:10DA7000E3130DFE19C3AA842E8463050A0293578B
:10DA8000440113F7F77F9307B006998F635CF000AA
:10DA90007D476354F7221307400381446359F720FD
:10DAA00037047003014681462685A285EF10302594
:10DAB0003DD95E87EE866286E6854A85EF10200BAB
:10DAC0002AC6E30A05E493D7FA41B3093B41B3F709
:10DAD000F9003ED056CE63D30A0002CEB247014BC6
:10DAE0008149B1073ED8B7071000FD173ED6B247AF
:10DAF0004A85CC43EF003071AA8BE30205E2B247BE
:10DB0000C2553105904B09060A06EFF02FF1B8080F
:10DB1000D4082286A6854A8526CA22CCEF10E06A60
:10DB2000AAC8E30E05DE85454A85EF108019AA894B
:10DB3000E30705DED64763C707180257724C338DDB
:10DB4000E7006647B387474193066003BA97FD171E
:10DB5000930D20C0998E63D6B7193387FD407D465B
:10DB6000998E6346E616854DB397ED003ED2814C03
:10DB7000369CB30DDD00529CEA8763D3AD01EE877E
:10DB80006353FC00E2876358F000B38DFD40330C13
:10DB9000FC40330DFD4082576358F002CE853E862F
:10DBA0004A85EF100028AA89E30B05D64646AA85C8
:10DBB0004A85EF10C0122ADAE30305D6C6454A8526
:10DBC000EF00306DD257BEC8634FB011635A500199
:10DBD0007246DE854A85EF10C024AA8BE30105D486
:10DBE000635A8001DE8562864A85EF10402FAA8B3A
:10DBF000E30705D2635AA001CE856A864A85EF10F5
:10DC0000002EAA89E30D05D0C6455E864A85EF1031
:10DC1000003D2A8BE30505D0032CC500CE852326C5
:10DC20000500EF10A0386359050C336C9C0063119C
:10DC30000C129317C400639D0710B707F07FE18FA4
:10DC40003707B0066376F71083274B0191E7032768
:10DC50000B01854763DEE70EDA8505464A85EF103E
:10DC60000028CE852A8BEF1060346353A00E630C1E
:10DC70000A10B707F07FE18F3707B0066345F7104A
:10DC800037077003E355F7DA0147B70750392685A0
:10DC9000A2853A86BE86EFE0AFD82E84C98DAA84CD
:10DCA000E39905C8930720022320F90059B1811791
:10DCB0007D57B317F7007D8CF5B37D57B317F70089
:10DCC000FD8CCDB37247025D330CF7409DBD930CC4
:10DCD00020BEB387FC40854CB39CFC0085473ED2F8
:10DCE00041BD814CE5BFC6456E864A85EF10201FB9
:10DCF000AAC8E31D05EC25B169E9370710007D17B7
:10DD0000B377E40063090C046399E7047D5763006B
:10DD10000A02B707F07FE18FB706A00663E9F600B5
:10DD2000D1839306B006B387F6403317F7006396A6
:10DD3000E402B707F07FFD176315F400FD57E38099
:10DD4000F4BEB705F07FE18D370410002E948144B6
:10DD5000E31C0AF2F9BEC58F99DB63820C04B3FCA5
:10DD60008C00E3870CFE52862685A285630F0C0289
:10DD7000EFF0EFE02A86AE865245E245EFD00FFC89
:10DD8000AA842E84F1B7B705F07FE18D3704F0FF48
:10DD9000A295370410007D144D8CFD5455BF925749
:10DDA000B3FD9700E3860DFA7DBFEFF04FDD2A86C5
:10DDB000AE865245E245EF10701101468146AA84B5
:10DDC0002E84EF10C07349F59DB1CE855A85EF10B2
:10DDD000004D97370000938767269043D4432A8DE0
:10DDE000AE8DEF1050036342A01063010C0A814D09
:10DDF000370DF03F0147B707F03FB706F07FB37C20
:10DE0000D400B706E07F639FDC166AD2370DB0FC02
:10DE1000229D2685EA853EDE3ADC6EDAEF10402B45
:10DE2000D25812582A86AE864685C285EFE04FBF8B
:10DE30002686EA86EFD08FF0AA843705F07F337606
:10DE4000B500B706A07C6257F2576365D60C6247EF
:10DE50009307F5FF6396E7005247FD57E381E7AC70
:10DE6000B707F07F1384F7FFFD54C6454A85EF00DE
:10DE70005042DE854A85EF00D041CE854A85EF00CD
:10DE80005041DA854A85EF00D04095B1B1E0B257F4
:10DE9000E18FA1E7973700009387C7199043D443D8
:10DEA0006A85EE85EF102077634D050297370000F5
:10DEB0009387C7179043D4436A85EE85EFE04FB64A
:10DEC0002A87AE87370D0080BA8D334DFD0035B7F8
:10DED00085476394F400E30C04B4814D370DF0BF23
:10DEE00011BF0147B707E03FF1BF973700009387A5
:10DEF000E7139043D4436A85EE85EFE06FB22A873B
:10DF0000AE872E8D63160C00370D0080334DBD009B
:10DF1000AA8DE5B5370450032E94E3180AF4B7062A
:10DF2000F07FE18EE393DCF4BE853A853A8DBE8CBA
:10DF3000EF107071EF10B0772A86AE866A85E6859D
:10DF4000EF10C078B2572A8DAE8DE18FC58F33ECBC
:10DF50008701630B0C0A973700009387270F9043C4
:10DF6000D443EF10406BE346059C9737000093873E
:10DF7000670E9043D4436A85EE85EF10E05EE3566A
:10DF8000A0EE45BA630D0A04B706A00663E996053C
:10DF9000973600009386060B9042D4423A85BE85A0
:10DFA0003ADA3ED2EF102067925752576344A002EC
:10DFB0003A85BE85EFE04FF211E10545EFE08FF7BE
:10DFC0002A87AE872E8D63160C00370D0080334DE7
:10DFD000BD00AA8DB705B0062E9D330D9D4152455B
:10DFE000E2453EDA3AD2EF10A00E2A86AE866E8562
:10DFF000EA85EFE0EFA25246E246EFD02FD4AA84A2
:10E000002E84D257125711BF973700009387070508
:10E010009043D443EF102060E35905E419BA130785
:10E0200050066387E7001307500405456399E7EE40
:10E03000014B05456FF04FD801114AC81389818300
:10E040008327090006CE22CC945326CA4EC652C45A
:10E050005AC25EC02E8689E69726FF1F9386460B1E
:10E06000AA853E85EFF08FB6AA842E842A86AE86D6
:10E070002685A285EF10705909CD6244F240D24442
:10E080004249B249224A124B824B014505616F1049
:10E090006043A2852685EFE0BFED973700009387A8
:10E0A000E7FFB709008083AB070093C9F9FF337B13
:10E0B00035012A8ADE855A85EF10506F29E5DE8505
:10E0C0005A85EF10F0656350A004973700009387DE
:10E0D00067FD03AB070083AB4700337434015A86F6
:10E0E000DE862685A285EF10505209E95A86DE8623
:10E0F0002685A285EF1020526347A00083270900E0
:10E100001307200298C3F24062445285D244424928
:10E11000B249224A124B824B0561828079714AD002
:10E120004ECE06D622D426D2AA892E89930419006F
:10E1300003C4F4FF3A8536C632C42EC23AC0EF009B
:10E14000300722951C3102479245A18B2246B246E8
:10E15000D1E39307D0026311F4089C200543930494
:10E160002900E5C641476390E60213070003639C5C
:10E17000E7009C201307800593F7F70D6392E70CE7
:10E180009C30C1468904B70800806314030093C81B
:10E19000F8FF33FFD80201480145A54FE54EFD5277
:10E1A00033DED802138707FD63E3EF04BA8763DE2B
:10E1B000D704630D58007D58636AAE006314AE0047
:10E1C0006346FF0005483385A6023E95850483C754
:10E1D000F4FFC9BF268999BF9307B0026305F40015
:10E1E000A2870143BDBF9C2093042900DDBF138794
:10E1F000F7FB63E5EE00938797FC55BF1387F7F9AC
:10E2000063E5EE00938797FA5DB7FD57631FF8004B
:10E210009307200223A0F900468519EEB25022543C
:10E2200092540259F2494561828063040300330528
:10E23000A0406DD6630408009385F4FF0CC2F9BFBB
:10E2400093070003A9F2A1463DBF13070003E38231
:10E25000E7F2A9460DBF938781839C43B28698530A
:10E2600009E71727FF1F1307A7EA2E86AA853E8511
:10E270006FF0DFEA8280828010499306450113D750
:10E280005540B6876356C7020A060A07FD893696C7
:10E290003697B9C913084700184313030002330324
:10E2A000B3403357B700636EC80098C311C39107DA
:10E2B0003387D740098718C96394D700232A0500FC
:10E2C00082808328080091071108B398680033E71B
:10E2D000E80023AEE7FE0327C8FFE1B71107832557
:10E2E000C7FF910723AEB7FEE36AC7FED1B7930716
:10E2F00005FD93F7F70F25476367F700011593773F
:10E30000F50F3E8582809307F5F993F7F70F954651
:10E3100063E5F600130595FBDDB71307F5FB1377EF
:10E32000F70F8147E3EFE6FC130595FDC9BF1D71AB
:10E33000D6C2AA8A428536C63AC286CECAC8D2C4D6
:10E34000DAC05EDE3E8B6ED63289AE8DA2CCA6CA16
:10E35000CEC662DC66DA6AD89D2D832B05005E8509
:10E36000EFE05FFEB387AB0083A60D0083C7F7FF26
:10E370007957158F3EC82A8A938726009306000393
:10E380003306F700BE84850703C5F7FF32C4E309EF
:10E39000D5FEEFF0DFF5631E05105286DE8526857B
:10E3A000EFE07FFB631C0510338C440103450C0038
:10E3B000EFF0FFF363050510E28493070003882064
:10E3C000630BF500EFF0BFF2854793391500E28C3F
:10E3D0003EC4268C21A08504DDB7050C03450C0046
:10E3E000EFF0FFF07DF95286DE856285EFE0BFF643
:10E3F00011E9639C0C00529CE28C03450C00EFF089
:10E400001FEF5DE9014463850C0033848C410A04ED
:10E4100083470C00130700056387E7001306000716
:10E42000E28C6390C70683471C001307B002638B1E
:10E43000E7081307D002638BE708930C1C00014D1B
:10E4400003C50C00EFF0BFEA9307F5FF93F7F70F52
:10E45000E14563E4F508930705FF850C03C50C004F
:10E460003ECAEFF0DFE89305F5FF93F5F50F61483D
:10E47000D247A948637EB80463040D00B307F04097
:10E480003E9423A09D01638C0904A247814491E33B
:10E490009944F640664426854649D644B649264AFC
:10E4A000964A064BF25B625CD25C425DB25D2561CE
:10E4B00082808149814C31BF050C81B7268C014493
:10E4C0008549B9B7014D930C2C009DBF054DE5BFA3
:10E4D000B3871703AA97C11749B7E28C5DB7B30793
:10E4E0009C40FD1781451D476343F70A5685212B44
:10E4F000054693094501B3074641AA8D4E8D8148D3
:10E50000814C3ECA63E8840913054D00330535414B
:10E51000098523209D0123A8AD009314550066852D
:10E52000CD2D832B0900898C63D89B0CB384744157
:10E53000A6856E85EF0050612A8A05C91386F4FF0F
:10E54000935656408A06CE96944205473317C70025
:10E55000758F054A19CB6359CA009385E4FF6E8510
:10E56000EF00905E0D4A11E1094AA6856E85EFF035
:10E57000BFD0269403278900635F8708EE85568500
:10E58000092B92479304300A23A0070019B7850589
:10E59000858799BF9307FCFF3EC40346FCFFC24733
:10E5A0006309F602930700026397F80023209D0198
:10E5B0008148110D814C0345FCFF46CCEFF03FD361
:10E5C000E2483D89224333151501B3ECAC009108B4
:10E5D00015A052479307FCFF3383E700E36493FCE5
:10E5E0001A855286DE8546CE1ACCEFE0DFD662432E
:10E5F000F2484DF91A8C39B7014AE3DD74F7B38458
:10E600009B40EE8526865685EF00700DAA8D058C01
:10E610009309450185B7032749006355E40E330488
:10E620008740634574070327C9008946630AD704F6
:10E630008D46630AD7048546631BD70263998B0214
:10E640006391EB0203274900B2479304200698C365
:10E650000547924723A8ED0023A0E90023A0B701B6
:10E660000DBD9385FBFF6E85EF00104E61FDEE85BD
:10E670005685052192479304000523A0070011BD8C
:10E68000E3170BFEC1B7E31F0BFAD5B79304F4FFF2
:10E6900063180A0691C4A6856E85EF00F04A2A8A9F
:10E6A00013D754400A074E9718438545B3959500F4
:10E6B000F98D99C1136A2A00A2856E85B38B8B40B0
:10E6C000EFF09FBB032449008944630B0A0803272A
:10E6D000C9008946630AD7028D46630AD702854678
:10E6E000631DD70013772A0009CB03A70900336AFB
:10E6F000EA00137A1A00631E0A0093E404018DA055
:10E70000054A79BF8544D1B70547330B6741E30616
:10E710000BFE83A90D0113874D01FD55139A2900A6
:10E720003306470114436383B604850614C3894640
:10E7300013874D016394D40883260900FD16639F57
:10E74000760193D65B408A06369718438546B39B7D
:10E750007601B3FBEB0063830B00854493E4040272
:10E76000924723A0B701B24780C325B31107232ED8
:10E7700007FEE369C7FA03A78D0063C5E90283A515
:10E780004D0056858505412403A60D019385CD00D6
:10E790002A8B09060A063105EFE05FA8EE8556854B
:10E7A000CD2CDA8D03A70D019306170011070A0778
:10E7B00023A8DD006E97854654C395BF83A60D013F
:10E7C00063DCD90085456E85EFF01FAB0327890018
:10E7D0000504E35487F85DB393FBFB018544E38FA5
:10E7E0000BF652970325C7FF2D2113070002B30B29
:10E7F0007741E34975FD9DB7A1473386C7400A06B7
:10E8000093060002918E5C41184111053398D700A0
:10E8100033670701B3D7C700232EE5FE1CC1E364AD
:10E82000B5FE82801C416548850503C6F5FF850756
:10E8300001E61CC10545828098239306F7FB93F6F9
:10E84000F60F6364D80013070702E30FC7FC014506
:10E8500082805D7152DC03AA0500A6C24EDE93548D
:10E860005A405AD88A0486C6A2C4CAC056DA5ED6AE
:10E8700062D466D26AD06ECE137AFA012A8BB2893C
:10E88000B29463030A00910483270B001389C4FF29
:10E8900023AE04FECA8D4A840146814A814B214C35
:10E8A000930C00021D4D9433138717003AC0B1CA70
:10E8B000368532C63EC436C2EFF07FA3324659E5F4
:10E8C0009246A24763E8DC0263D47A036378B4011A
:10E8D0006346CD00EE852285EFF01FF2214663F9F5
:10E8E0008900930DC4FF232E04FEDE8A6E84014648
:10E8F000824755BF93059002639CB6088907232081
:10E90000FB0063870B086379B4019D4763C6C700AA
:10E91000EE852285EFF05FEE63FA8904CE8711045D
:10E920000327C4FF910723AEE7FEE37A89FE910730
:10E9300023AE07FEE37DF9FE8327090091E7631705
:10E94000390585472320F9001545A1A00506850B4B
:10E950006358CC00E3FE89F8232E04FE05467114AB
:10E960001C403D899207C98F1CC059B7E3060AFCB9
:10E9700093070002B38747417D5AB357FA0003AAB1
:10E98000C4FF337AFA0023AE44FF7DB771196DB727
:10E990001145B640264496440649F259625AD25A65
:10E9A000425BB25B225C925C025DF24D61618280EF
:10E9B0000325C50E8280938781839C439C5389E7FE
:10E9C0009717FF1F9387C77403A5C70E828013058F
:10E9D000050F828091ED41116C00014501CA795506
:10E9E00091C61C229CC108223335A00041018280BF
:10E9F000014509CA795599C61C229CC108223335A4
:10EA0000A000828082805C51411122C44AC006C6A7
:10EA100026C22A842E8989EF4145EF00502D48D027
:10EA200023220500232405002320050023260500BA
:10EA30004450DC449DC75850931729005847BA9753
:10EA4000884329E18544B3942401138654000A06BF
:10EA500085452285EF00B01319CD2322250104C579
:10EA600025A01306100291452285EF0050125C503C
:10EA7000C8C4DC47E9F30145B2402244924402494C
:10EA800041018280184198C32328050023260500F0
:10EA9000E5B75C51011122CC06CE2A8499EF41459D
:10EAA0002EC6EF00D024B24548D0232205002324EF
:10EAB0000500232005002326050091C95450DC41A0
:10EAC00013972700DC46BA97984398C18CC3F2404D
:10EAD00062440561828079714ECEAA89416522D453
:10EAE00026D22E84844906D64AD0D10501487D1508
:10EAF0009C419105050833F7A7003307C702C1837E
:10EB0000B387C702369793560701698FB69793D696
:10EB10000701C207BA9723AEF5FEE34B98FCA1C2EA
:10EB20001C4463C7F4024C404E8536C68505EFF0A1
:10EB30009FED10489305C4002A8909060A0631058D
:10EB4000EFE0CFEDA2854E85EFF0BFF4B2464A84E8
:10EB5000938744008A07A297D4C3850404C82285FA
:10EB6000B250225492540259F2494561828079711F
:10EB70009387860052CC368AA54622D426D24ECE22
:10EB80002E84B3C7D70206D64AD056CAAA89B28401
:10EB90008546814563CCF6044E853AC6EFF0BFE664
:10EBA000324785471CC958C9A54763D49704930ABF
:10EBB00094005689269405098346F9FFAA852946BB
:10EBC000938606FD4E85EFF01FF1E31689FE138450
:10EBD00084FF5694268963414903B25022549254CB
:10EBE0000259F249624AD24A456182808606850509
:10EBF00055B72904A544F9BFB3079940A2979423B8
:10EC0000AA852946938606FD4E85EFF0DFEC0509BF
:10EC1000D9B74177698FAA87014519E3C2074145F2
:10EC2000370700FF7D8F19E32105A207370700F0A2
:10EC30007D8F19E311059207370700C07D8F19E317
:10EC400009058A0763C90700139717000505634480
:10EC500007001305000282801C4113F777000DC3E3
:10EC600093F61700014799E613F7270011C785832C
:10EC70001CC105473A85828089831CC10947DDBFD5
:10EC800093960701C182014799E2C183414793F6F8
:10EC9000F70F99E22107A18393F6F70099E2110794
:10ECA000918393F6370099E20907898393F6170059
:10ECB00081E68583050799C31CC16DBF1307000258
:10ECC00055BF411122C42E84854506C6EFF0BFD33F
:10ECD00040C9B2402244054718C941018280984981
:10ECE0001C4A797126D206D622D44AD04ECEAE84A2
:10ECF0006354F700B2842E8683A904010329060118
:10ED00009C44CC403384290163D38700850532C6F7
:10ED1000EFF07FCF324613084501131324004293CE
:10ED2000C28763ED670293854401939829005106D9
:10ED3000131E2900C166AE98329EFD166364C60399
:10ED400063568000711383270300F1CB00C9B250D2
:10ED5000225492540259F2494561828023A007004F
:10ED60009107C1B7832F0600B3FFDF00638A0F044A
:10ED7000428FAE82814403A7020083230F00110F4C
:10ED8000B37ED700B38EFE03B3F7D30093D3030152
:10ED90009102BE9E93570701B387F703A69E13D730
:10EDA0000E01B3FEDE009E97BA9793D40701C20707
:10EDB000B3E7D701232EFFFEE3EF12FB23209F00D2
:10EDC00083522600638A020483270800C28E2E8F96
:10EDD000814F03270F0083D32E00F58F758F3307E4
:10EDE0005702910E110F1E977E97931F0701B3E7ED
:10EDF000FF0023AEFEFE8357EFFF83AF0E0041837B
:10EE0000B3875702B3FFDF00FE97BA9793DF07017E
:10EE1000E3611FFD23A0FE001106110805B77D1454
:10EE200005B7011126CA4AC84EC606CE22CC52C426
:10EE3000937736002A89B284AE8989CFFD171727C8
:10EE40000000130727398A07BA9790438146EFF0ED
:10EE50009FC8AA898984BDC88327490289EF414593
:10EE600079252322A902232205002324050023203B
:10EE7000050023260500032A490203248A0019E815
:10EE8000930510274A85EFF0DFE32324AA002A84A4
:10EE90002320050093F7140081CFCE8522864A8572
:10EEA000EFF0FFE32A8ACE854A85EFF09FBED28934
:10EEB000858489CC084009E92286A2854A85EFF03D
:10EEC0001FE208C0232005002A84E9B7F24062440B
:10EED0004E85D2444249B249224A05618280797105
:10EEE00026D2AE844ECE83A9040122D4CC41135441
:10EEF00056409C44A2994AD056CA06D652CCAA8AF9
:10EF00001389190063C42709568532C6EFF0BFAFD5
:10EF10003246930745012A8ABE8601479106634A15
:10EF2000870663530400014494480A04338787002A
:10EF30008A06938744017D8ABE9625C21308000283
:10EF40003308C84081458843110791073315C50030
:10EF5000C98D232EB7FE83A5C7FFB3D50501E3E412
:10EF6000D7FE0CC399C1138929007D1923282A01D2
:10EF70005685A685EFF0FFB1B250225452859254C7
:10EF80000259F249624AD24A456182808505860764
:10EF900095BF23AE06FE050751B7910703A6C7FF2D
:10EFA0001107232EC7FEE3EAD7FEC1B71C499849D3
:10EFB000998F8DE30A075105D105B306E500BA958F
:10EFC000F116F115904298416308E600FD5763631E
:10EFD000E60085473E858280E364D5FEE5BF0111EA
:10EFE00026CAAE844EC6B285AA89268522CC06CE14
:10EFF0004AC83284EFF09FFB05E181454E85EFF072
:10F000009FA085471CC9232A0500F2406244D244D0
:10F010004249B24905618280054963460500A287DD
:10F0200001492684BE844C404E85EFF0DF9D0323CA
:10F03000040183A8040113064401131E230013884E
:10F0400044018A08C16E23262501329EC298930688
:10F050004501014FFD1E1842832F08009106B3752C
:10F06000D701B3F7DF01FA959D8D93DF0F01935719
:10F070000701B387F74113D70541BA9713DF07415B
:10F08000B3F5D501C207CD8F110823AEF6FE1106E8
:10F09000E36318FDC165FD156368C601F1169C4266
:10F0A00095C72328650095B71C429106110633F7D2
:10F0B000B7007A9713580741C183C29713DF0741FE
:10F0C0006D8FC207D98F23AEF6FEF9B77D13F9B75E
:10F0D000B707F07FFD8DB707C0FCBE956355B00044
:10F0E00081473E858280B305B04093D745414D4767
:10F0F0006347F700B7050800B3D5F540D5B71387C8
:10F10000C7FEF94681458547E3CDE6FCB707008099
:10F11000B3D7E700F9B7797126D204494ECE9309E7
:10F1200045018A04CE9422D403A4C4FF4AD02EC63B
:10F13000228506D6EFF0FFADB24593070002898F16
:10F140009CC1A9471389C4FF63CDA702AD47898F2E
:10F150003707F03FB356F400D98E014763F4290115
:10F1600003A784FF55053315A400B357F700C98FD3
:10F17000B250225492540259F2493E85B6854561F7
:10F180008280814763F6290183A784FF138984FF66
:10F19000551505C9130700023306A74033D7C7002A
:10F1A0003314A400598CB706F03FC18E014763F4B5
:10F1B00029010327C9FFB397A7003357C700D98F89
:10F1C00045BFB706F03FC18E65B7797122D42E8452
:10F1D000854526D24AD0B2844ECE52CC3A8906D644
:10F1E000368AEFF05F82370710009307F7FFE58F4D
:10F1F000D18093F4F47FAA89B5E03EC62DC42800DF
:10F2000022C4EFF07FA5A24621CD3247930700022A
:10F21000898FB317F700D58F3357A70023AAF900BA
:10F220003AC6324423AC890033348000050423A855
:10F230008900B9C49384D4BCAA94930750032320B3
:10F240009A003385A7402320A900B25022544E854E
:10F2500092540259F249624A45618280D98F71BF46
:10F2600023AAD9007DBF6800EFF01F9FB2471305A6
:10F270000502054423AAF900854723A8F90055BFD4
:10F28000931724001305E5BCCE972320AA00884BD2
:10F290001604EFF01F98098C232089007DB779713F
:10F2A0004AD02E892C0006D622D426D24ECE52CC5D
:10F2B0002A8AEFF05FE6AA89AE842E844A856C0024
:10F2C000EFF07FE58327090103270A01A2461D8F7E
:10F2D000B24716079D8EB307D7006355F002D207D9
:10F2E0002E86338497003287A2852A86BA864E8579
:10F2F000EFC0DF97B250225492540259F249624A49
:10F30000456182803707F0FFB387E7023386B70095
:10F31000D9BF9387F5FF184A958785078A07930613
:10F3200046010A07AA97369763E5E600636AF50087
:10F330008280910603A6C6FF1105232EC5FEEDB7F8
:10F340001105232E05FEDDB7144993D75540130749
:10F35000450163C7F60263DFD700FD8981CD93962F
:10F360002700BA9690420545B356B600B395B6004D
:10F37000631EB6008A07BA976366F700014582806C
:10F38000B687CDBFF1179443E5DA05458280338611
:10F39000C502011122CC06CEB28532C621282A84AC
:10F3A00009C532468145EF40BFE72285F2406244FD
:10F3B00005618280011126CA93843500F19806CE3A
:10F3C00022CC4AC84EC6A104B14763F7F404B14445
:10F3D00063E6B4042A8915229747FF1F938747ECF9
:10F3E00098433A8431E49747FF1F9387A7EB9C43E8
:10F3F00081EB81454A8571289747FF1F23A4A7EA1F
:10F40000A6854A857920FD5963193507B147232020
:10F41000F9004A85E52029A0E3DC04FAB1471CC1C4
:10F420000145F2406244D2444249B24905618280BA
:10F430001C40858F63C00704AD4663F6F6001CC010
:10F440003E9404C001A85C40631487021747FF1F65
:10F450002328F7E44A855D201305B4009307440090
:10F4600061993307F54055DF3A94898F1CC055BF29
:10F470005CC3CDB722874040B5B7130435007198FF
:10F48000E30185FCB305A4404A852120E31B35FB3D
:10F49000B5BF411122C42A842E859757FF1F23AB85
:10F4A000076206C6EF80CFB4FD576319F500975782
:10F4B000FF1F938727629C4391C31CC0B240224424
:10F4C0004101828097270000938787D188438280FB
:10F4D00089CD9307F00F63F7C7009307A0081CC1FD
:10F4E0007D55828090A10545828001458280938769
:10F4F0008183AA8588436FF0FFEB8280828013D7D7
:10F500004501B7071000FD1713D846011377F77FA1
:10F510009308F07F33FEB700AA8EF58FFD81328FFE
:10F520001378F87FFD82630B17010543630618010A
:10F5300063140701630DFE001A858280B368AE0074
:10F540000543E39B08FEE319E8FED18FF5F7054379
:10F55000E394EEFF0143E381D5FE054371FF33657C
:10F56000AE003333A000C9BF13D74501B707100061
:10F57000FD1713D846011377F77F9308F07F33F315
:10F58000B7002A8EF58FFD81B28E1378F87FFD8249
:10F5900063081703630018030DEBB368A30063143B
:10F5A00008005D8E29CA638508046388D502054575
:10F5B00095ED8280B3E8C700E38008FE795582802C
:10F5C0003365A30065FD630CE802631408005D8EDB
:10F5D00079DEE39ED5FCE34CE8FC63480701E3E8F1
:10F5E00067FC6303F302637FF30081E57D5582804E
:10F5F000F5DE054582800145E39B08FA82805D8E39
:10F6000069DA6DBF01458280E3E3CEFB0145E37219
:10F61000DEFBE5F1E1BF13D74501B7071000FD1789
:10F6200013D846011377F77F9308F07F33FEB700B6
:10F63000AA8EF58FFD81328F1378F87FFD82630EDD
:10F640001703630D180129E3B368AE00631F0800B8
:10F650005D8E01EE0143638C080421A8B3E8C70066
:10F660000943639608046DD305A063840804638589
:10F67000D50205438DCD7D531DA8B368AE00094367
:10F6800063970802630AE802631408005D8E75D26E
:10F69000E391D5FEE34FE8FC63490701E3EBC7FDC7
:10F6A000630FFE0001436374FE00F1D505431A8524
:10F6B0008280EDFE7D53E5BF5D8E79DACDBFE36AD2
:10F6C000DFFB0143E3F5EEFFF5F175B737071000F7
:10F6D0007D1701113373B70093D84601758F935E80
:10F6E000D60122CC26CA0E0393D445019357D501E7
:10F6F0000E0706CE4AC84EC693F8F87F130EF07F69
:10F7000033E7EE0093F4F47F13D4F50133E367009D
:10F71000131F3500FD82931E36006380C81993C6FF
:10F720001600B38514416305D4126351B018638B7E
:10F73000081AB70780005D8F6381C459930780035F
:10F7400063C4B734FD4763C5B748930700028D8F84
:10F75000B3D9BE003318F700B39EFE0033683801FA
:10F760003357B700B339D001336838013303E3406E
:10F77000B3090F41B3373F013306F34093178600B7
:10F7800063D30724370980007D1933792601630F7D
:10F79000092C4A85EFD07F94130785FF9307000259
:10F7A000998FB3D7F9003316E900D18FB399E900E7
:10F7B0006344972A058F13061700FD4663C5C63AB2
:10F7C00013070002118FB3D6C9003398E9003397AD
:10F7D000E700558F33380001B369070133D6C700FE
:10F7E000814493F7790081CF93F6F90091476388BC
:10F7F000F6009386490033B836014296B6899317CE
:10F80000860063D6071C138714009307F07F0588D2
:10F810006306F720B70780FFFD17F18F1398D70114
:10F8200093D93900A60733683801B1831377F77F7E
:10F830009396C7005207B1827E04D98EC18EF240E2
:10F840006244D2444249B2494285B685056182800C
:10F850006356B00A638A0812B70780005D8F63871A
:10F86000C42D9307800363C7B718FD4763D2B73C25
:10F87000138805FE93070002B3590701638AF50058
:10F8800093070004B385B7403317B700B3EEEE001B
:10F890003338D0013368380195A2B367D701938517
:10F8A000148099E393C61600630AD404D1E19387C8
:10F8B000140093F7E77F6399071EB367E30133688A
:10F8C000D701639204166382073C6316084213183B
:10F8D00035009316D3011358380033E806019357C7
:10F8E000330019A2B367D7016385071A9387F5FF21
:10F8F000638B073A638CC523BE8589B56399051C64
:10F900009386140093F7E67FC1EFB367E30163903A
:10F910000436638D0744B367D701639407460E0529
:10F920001318D3010D813368A800935733006DA8D5
:10F93000B385984063970420B367E301638D073074
:10F940009387F5FF638907401305F07F6383A52044
:10F95000BE859307800363C2B72AFD4763C8B73CDF
:10F96000930700028D8F3318F3003356BF00B3178F
:10F97000FF003368C800B339F0003353B300336875
:10F98000380133076740B5ACB367D701638307100D
:10F990009387F5FF638F071E6380C52FBE85D1B5A2
:10F9A0009307F07F638BF606FA9E33B6EE01B3073A
:10F9B000E300B2971398F70193DE1E00B369D801F4
:10F9C00013D61700B68493F77900E39F07E09317E7
:10F9D000D60113D839003368F800A685935736004E
:10F9E0001307F07F6380E506B207B18313F7F57F55
:10F9F00005883DBD3367D7013338E000B309E8011E
:10FA0000B3B7E9013386670093178600E3DD07FA91
:10FA100085049307F07F639CF41805881307F07F33
:10FA20008147014831B5639107106301083C131801
:10FA300036009317D701135838003368F80036841E
:10FA400093573700B367F800E9DB01441307F07FF1
:10FA5000B70708000148E9BB370680FF7D167D8E99
:10FA600093F77900998CE39107D895B74E85EFD03D
:10FA7000CFE613078501FD47E3D2E7D2130685FFE2
:10FA8000B397C90081492DB33368D70133380001DA
:10FA9000C5B1131835009317D301135838003368D4
:10FAA000F800935733002DBFB309DF413309E3401A
:10FAB00033363F013309C9409317890063CA0720D1
:10FAC00033E82901E31508CC8147014431BFB385F0
:10FAD000984063810414B70680009307F07F336376
:10FAE000D3006381F8209307800363CCB722FD47DE
:10FAF00063C9B72C930700028D8F3318F300B356F8
:10FB0000BF00B317FF003368D800B339F000335398
:10FB1000B300336838011A97B309D801B3B7D901D4
:10FB20003386E700C684CDB5E31108F2131835001B
:10FB30009317D301135838003368F80093573300F4
:10FB400011B7370580009307F07F3363A300E3927A
:10FB5000F8E00E061318D7010D823368C8009357DA
:10FB600037003684C5B505179306000233D7E70082
:10FB7000630AD600930600043386C6403396C70056
:10FB8000B3E9C90033383001B369E8000146814464
:10FB90001DBDB309DF01B307E30033BFE9013386BD
:10FBA000E701931786008544E3DF07E08944B70740
:10FBB00080FFFD17F18F13D7190013F81900336870
:10FBC00007019399F701B3E9090113D6170011B999
:10FBD000138805FE93070002B3590701638AF500F5
:10FBE00093070004B385B7403317B700B3EEEE00B8
:10FBF0003338D00133683801A5BE3363E3013338AD
:10FC00006000B3890E41B3B73E013306F740C684A6
:10FC10003684ADB6B367E301638707189387F5FFB2
:10FC2000638C071C9306F07F638ED50ABE8565BD85
:10FC3000930700028D8FB3D9BE003318F700B39E2F
:10FC4000FE00336838013357B700B339D001336849
:10FC500038013A9365B3131836009317D701135838
:10FC6000380033E8070136849357370095BBBDCB86
:10FC70003367D701E31B07DC0E051318D3010D8191
:10FC80003368A8009357330075BBE30F08E21318DD
:10FC900036009317D701135838003368F8003684BC
:10FCA0009357370091B3B309DF41B307E340333FC4
:10FCB0003F013386E7418544D1B4131835009316CC
:10FCC000D3011358380033E80601935733009DBB26
:10FCD000B389EE413306674033B93E01330926410B
:10FCE000368475B40E061318D7010D823368C80028
:10FCF0009357370081BBB309DF41B307E340333685
:10FD00003F013386C7409317860063D7070AB3893C
:10FD1000EE41B3076740B3BE3E013386D741368418
:10FD2000C9B43363E30133386000FDB3138805FEC3
:10FD300093070002B3590301638AF5009307000497
:10FD4000B385B7403313B300336F6F003338E0012E
:10FD5000336838017DB5B389EE41B3076740B3BE60
:10FD60003E013386D7413684854409BC13183600DA
:10FD70009317D701135838003368F80093573700AA
:10FD8000A5B1B309DF01B307E30033BFE90133864F
:10FD9000E70193178600E3D807C2B70780FFFD1776
:10FDA0007D8E85440DB10E061318D7010D82336880
:10FDB000C800935737002DB133E8C900E30608D0D7
:10FDC00019B1138805FE93070002B3590301638A32
:10FDD000F50093070004B385B7403313B300336FC6
:10FDE0006F003338E001336838013DB30144130735
:10FDF000F07FB70708002DBCB309DF01B307E300AC
:10FE0000B3BED9013386D70169BB13D74501B70704
:10FE10001000FD171347F7FF13D84601FD8DF58F2E
:10FE2000931657011378F87F99CA1307F07F01459D
:10FE30006303E8008280D18F3335F0008280C98D62
:10FE40000545E5D5828093D74501B7061000138795
:10FE5000F6FF93F7F77F1306E03F6D8FFD81635C3C
:10FE6000F6001306D041635AF600370500801345AB
:10FE7000F5FF2E95828001458280130630431D8E4A
:10FE80007D48558F635DC80093063041B387F640C7
:10FE9000B357F7003305F040E5F13E858280938744
:10FEA000D7BEB317F7003355C500C98FE5B7411169
:10FEB00006C622C426C20DCD9357F541B3C4A70090
:10FEC0009D8C2A842685EFD04FA19306E041898E30
:10FED000A9477D8093F6F67F63CDA7022D47098F52
:10FEE000B3D7E4005505B207B394A400B18329A0A9
:10FEF0000144814681478144B207D206B1837E0422
:10FF0000D58FC18FB24022442685BE8592444101DF
:10FF100082805515B397A400B207B1838144E9BF2D
:10FF200093567501B7078000FD1713D6750193F638
:10FF3000F60F1308F00FB3F8A7001357F501ED8F74
:10FF40001376F60FFD81638706036309060185EAD0
:10FF500011EA89EB0145639B080082800945F5FFA2
:10FF6000E5DA31A8638C08026300B704054575D74C
:10FF70007D5582800945639808026304D60211E228
:10FF8000F5D7E315B7FEE343D6FE63C7C600E3EF3C
:10FF900017FD0145E3F3F8FC19E3D9BFF1D9054595
:10FFA0008280E5D3828082808146C5B793567501F1
:10FFB000B7078000FD1713D6750193F6F60F1308E7
:10FFC000F00F33F7A7001376F60FED8F638B060162
:10FFD0001307F00F01456303E60082803335F0001C
:10FFE0008280054575D78280985300009C5300009D
:10FFF000A2530000A8530000A8530000AC53000017
:020000021000EC
:1000000008200800436F6D6D616E64206E6F742070
:10001000466F756E640D0A000D0A70617373776F19
:100020007264206572726F720D0A0000636F6D6DED
:10003000616E642068656C70206F662000000000AF
:100040006C657474657200000D0A5761726E696E9A
:10005000673A20436F6D6D616E6420697320746F21
:100060006F206C6F6E670D0A000000000D0A436F71
:100070006D6D616E64204C6973743A0D0A00000066
:10008000434D442000000000564152200000000073
:1000900055534552000000004B4559200000000018
:1000A0004E4F4E4500000000202000002E2E2E0056
:1000B0001B5B324A1B5B3148000000000D0A205FC9
:1000C0002020202020202020205F2020205F2020B2
:1000D0002020202020202020202020202020202020
:1000E0005F202020202020202020205F205F200D66
:1000F0000A7C207C202020205F5F5F7C207C5F7C4E
:10010000207C5F205F5F5F205F205F5F2020205F9B
:100110005F5F7C207C5F5F2020205F5F5F7C207CB6
:10012000207C0D0A7C207C2020202F205F205C205A
:100130005F5F7C205F5F2F205F205C20275F5F7CFC
:10014000202F205F5F7C20275F205C202F205F20F6
:100150005C207C207C0D0A7C207C5F5F7C20205F03
:100160005F2F207C5F7C207C7C20205F5F2F207CA9
:10017000202020205C5F5F205C207C207C207C2075
:10018000205F5F2F207C207C0D0A7C5F5F5F5F5FBC
:100190005C5F5F5F7C5C5F5F7C5C5F5F5C5F5F5F41
:1001A0007C5F7C202020207C5F5F5F2F5F7C207C39
:1001B0005F7C5C5F5F5F7C5F7C5F7C0D0A0D0A4249
:1001C00075696C643A202020202020204F63742021
:1001D000203320323032362031323A35373A333616
:1001E0000D0A56657273696F6E3A20202020203305
:1001F0002E322E340D0A436F707972696768743A33
:100200002020202863292032303230204C6574743D
:1002100065720D0A00000000203D20002200000051
:100220002F00000024200000506C65617365206978
:100230006E7075742070617373776F72643A00002A
:1002400052657475726E3A20000000002C203078E0
:10025000000000003030303030303030303030008E
:100260000008000040000100D40601005003010016
:100270000009000000415B1B6A5700006003010099
:100280000009000000425B1BE0570000640301000E
:100290000019000000435B1B3C5800006C03010088
:1002A0000019000000445B1B625800007403010049
:1002B0000009000000000009805800007C030100D4
:1002C0000019000000000008CC5900008003010064
:1002D000001900000000007FDA5900008C030100C3
:1002E000001900007E335B1BDA5900008C0301000B
:1002F000001900000000000AE85900009403010002
:10030000001900000000000DE859000094030100EE
:10031000002000009C030100FA590000A403010022
:1003200000210000C40301007E5B0000CC0301003B
:1003300000200000DC03010082760000EC030100D5
:1003400000200000100401003E65000024040100AC
:1003500064656661756C74207573657200000000D9
:1003600075700000646F776E000000007269676846
:10037000740000006C656674000000007461620027
:100380006261636B737061636500000064656C6536
:1003900074650000656E74657200000068656C70BD
:1003A0000000000073686F7720636F6D6D616E648D
:1003B00020696E666F0D0A68656C70205B636D6402
:1003C0005D000000636C656172000000636C656134
:1003D0007220636F6E736F6C650000007365745FED
:1003E00064656275675F7061726D00005365747457
:1003F000696E672044454255475F48444D495F5404
:100400004F4F4C5320706172616D657465720000CE
:10041000696E6672617265645F73656E645F6D6557
:100420007367000053656E6420496E6652617265A1
:1004300064204D6573676573730000005E5E0000A5
:10044000665E00006C5E0000745E00007E5E000070
:100450008A5E0000985E0000A85E0000504F53497D
:10046000584C595F434F525245435400496E6652AF
:1004700061726564204465766963652041646472D5
:10048000657373203078253034582E0D0A00000033
:100490004572726F722055736167653A202573202B
:1004A0005B2D685D205B2D612061646472657373F0
:1004B0005D202D742074797065202D6320636F6D2D
:1004C0006D616E640D0A000068613A743A633A0027
:1004D000496E6652617265642050726F746F636F0B
:1004E0006C20547970652025732E0D0A00000000E1
:1004F000496E665261726564204465766963652061
:10050000436F6D6D616E64203078253034582E0D48
:100510000A0000004572726F722055736167653A78
:10052000205B2D685D205B2D6120616464726573C2
:10053000735D202D742074797065202D6320636FA6
:100540006D6D616E640D0A001B5B33316D45727217
:100550006F723A204D75737420656E7465722074E5
:100560006865206F7074696F6E73202D6320636FF0
:100570006D6D616E641B5B306D0D0A001B5B33316A
:100580006D4572726F723A204D75737420656E748A
:10059000657220746865206F7074696F6E73202DAA
:1005A0007420747970651B5B306D0D0A00000000CB
:1005B000556E737570706F7274656420696E6672C3
:1005C000617265642070726F746F636F6C3A20257E
:1005D000732E0D0A0000000055736167653A2069AB
:1005E0006E6672617265645F73656E645F6D65737C
:1005F00067205B2D685D205B2D61206164647265FE
:1006000073735D202D742074797065202D632063D1
:100610006F6D6D616E640D0A000000004F707469AB
:100620006F6E733A0D0A0000202D682068656C70AB
:1006300020202020202020205072696E74662068BF
:10064000656C70206D616E75616C0D0A00000000B4
:10065000202D612061646472657373202020202046
:1006600049522064657669636520616464726573CC
:10067000730D0A00202D74207479706520202020CD
:100680002020202049522050726F746F636F6C20BD
:10069000547970650D0A0000202D6320636F6D6D25
:1006A000616E642020202020495220436D640D0A91
:1006B0000000000053442043617264204F4B0D0A38
:1006C0000000000053442043617264204572726F41
:1006D00072210D0A00000000436172642054797099
:1006E000653A534453432056312E310D0A00000021
:1006F0004361726420547970653A534453432056E1
:10070000322E300D0A00000043617264205479706B
:10071000653A534448432056322E300D0A000000FB
:100720004361726420547970653A4D4D43204361B2
:1007300072640D0A0000000043617264204D616E16
:1007400075666163747572657249443A25640D0A71
:100750000000000043617264205243413A25640D59
:100760000A00000043617264204361706163697430
:10077000793A2564204D420D0A00000043617264FD
:1007800020426C6F636B53697A653A25640D0A0DDC
:100790000A000000616464726573730074797065A7
:1007A00000000000636F6D6D616E64004E45430094
:1007B0004E45435F455854004E45435F52455045B2
:1007C00041540000534952435F31324249540000C2
:1007D000534952435F313542495400005349524313
:1007E0005F3230424954000052433500524335587D
:1007F00000000000524335585F323000524336004B
:10080000AC070100B0070100B8070100C4070100F0
:10081000D0070100DC070100E8070100EC07010038
:10082000F4070100FC070100000000000902790044
:1008300004010080320904000002FFFFFF020705E7
:100840008102400000070502024000000904010087
:1008500002FFFFFF020705830240000007050402B4
:10086000400000080B020202020004090402000119
:1008700002020004052400100105240100030424E1
:10088000020205240602030705860308000A09047C
:100890000300020A000000070505024000000705EA
:1008A0008502400000000000090279000401008078
:1008B000320904000002FFFFFF0207058102000267
:1008C00000070502020002000904010002FFFFFF09
:1008D0000207058302000200070504020002000867
:1008E0000B020202020004090402000102020004D9
:1008F000052400100105240100030424020205243C
:100900000602030705860308000A09040300020A19
:10091000000000070505020002000705850200022D
:100920000000000012010002EF0201400304106009
:1009300000070102030100000A060002EF02014065
:100940000100000009077900040100801909040072
:100950000002FFFFFF0207058102000200070502F7
:10096000020002000904010002FFFFFF02070583E5
:100970000200020007050402000200080B02020246
:100980000200040904020001020200040524001010
:1009900001052401000304240202052406020307C2
:1009A00005860308000A09040300020A0000000784
:1009B0000505020002000705850200020000000094
:1009C0000907790004010080190904000002FFFFF3
:1009D000FF020705810240000007050202400000F7
:1009E0000904010002FFFFFF020705830240000027
:1009F00007050402400000080B020202020004097D
:100A00000402000102020004052400100105240173
:100A100000030424020205240602030705860308D6
:100A2000000A09040300020A00000007050502404D
:100A30000000070585024000000000000000003FA4
:100A40000000C842000000006666666666660A40EE
:100A50000000000000FEAF4053657474696E6720AB
:100A600042757320566F6C617467653A25642E2554
:100A700064562E0D0A0000004572726F7220557385
:100A80006167653A202573205B2D685D205B2D76BC
:100A900020766F6C746167655D205B2D6D206D6FD6
:100AA00064655D0D0A00000068763A6D3A0000004A
:100AB000766F6C74616765006D6F6465000000009F
:100AC0004344432D41434D00CC690000D4690000EC
:100AD000F4690000FC690000446A000000000000A6
:100AE0000000000000000000000000005573616776
:100AF000653A207365745F64656275675F706172E3
:100B00006D205B2D685D205B2D7620766F6C7461A7
:100B100067655D205B2D6D206D6F64655D0D0A005E
:100B2000202D7620766F6C74616765202020202050
:100B300053657474696E67207468652062757320EC
:100B4000766F6C746167650D0A000000202D6D20C2
:100B50006D6F646520202020202020205365747450
:100B6000696E6720776F726B696E67206D6F646561
:100B70000D0A000008000000080000000800000046
:100B80005344413D2564206D562E0D0A000000009F
:100B90004275663D2564206D562E0D0A000000004A
:100BA0001E8200001E8200005C8200005E82000047
:100BB0005E8200005E820000708200005C820000A5
:100BC0005C82000070820000C0820000C6820000CB
:100BD0002483000028830000348300003883000051
:100BE0003C830000DA820000DA820000A683000065
:100BF0000F0000080008030410600007803208009E
:100C000000009A0CA62AD012000000005600000036
:100C100000000000000000000000000000000000D4
:100C200000000000000000000000000000000000C4
:100C300000000000000000000000000000000000B4
:100C4000000000000000000000000203000000009F
:100C50000000000000000000000000000000000094
:100C60000000000000000000000000000000000084
:100C70000000000000000000000000000000000074
:100C800000000000000000000000000000000C0355
:100C90004D0054005300410052002A034D007300E0
:100CA00074006100720020005500530042002000D3
:100CB00044006500620075006700200054006F006A
:100CC0006F006C0012036700670067006700670031
:100CD00067006700670000000000000000000000DF
:100CE0000000000000000000000000000000000004
:100CF000000061D9000000001C9D0000689D0000FC
:100D0000FC9C0000689D0000FC9C0000AC9D000065
:100D1000C89D0000FC9C0000449F00005E9F0000F6
:100D2000E69D0000069E0000429E0000FC9C000024
:100D3000FC9C0000EA9E0000029F0000FC9C00005A
:100D4000FC9C0000FC9C0000FC9C0000FC9C000043
:100D5000FC9C0000FC9C0000289F0000C0B100002B
:100D6000DCB10000C0B10000DCB10000EEB1000059
:100D7000EEB1000056B2000026B20000EEB1000055
:100D8000EEB1000030B2000042B20000EEB100004F
:100D9000EEB1000050B2000056B20000F4B1000005
:100DA00008B2000056B200000EB20000EEB1000022
:100DB000EEB10000EEB10000EEB100008CB2000018
:100DC0008CB200008CB200008CB2000056B2000061
:100DD0005CB20000DAB0FFFF5EAFFFFF6EB0FFFF56
:100DE00076B0FFFF6EB0FFFF8EAFFFFF6EB0FFFF6C
:100DF00076B0FFFF5EAFFFFF5EAFFFFF8EAFFFFF7E
:100E000076B0FFFFD0B0FFFFD0B0FFFFD0B0FFFF44
:100E10008EAFFFFF1CB6FFFF0EB5FFFF0EB5FFFF45
:100E20000CB5FFFF14B5FFFF14B5FFFFDAB4FFFFE9
:100E30000CB5FFFF14B5FFFFDAB4FFFF14B5FFFFD9
:100E40000CB5FFFF08B6FFFF08B6FFFF08B6FFFFAF
:100E5000DAB4FFFFFEBAFFFF28BAFFFFF8BAFFFFC0
:100E600030BAFFFFF8BAFFFFF6B9FFFFF8BAFFFF8D
:100E700030BAFFFF28BAFFFF28BAFFFFF6B9FFFF1D
:100E800030BAFFFF36BAFFFF36BAFFFF36BAFFFFB0
:100E9000F6B9FFFFE8B9FFFFE8B9FFFFB8BAFFFFF7
:100EA00094BBFFFFB8BAFFFFB6B9FFFFB8BAFFFFA8
:100EB00094BBFFFFE8B9FFFFE8B9FFFFB6B9FFFF3A
:100EC00094BBFFFFF6B9FFFFF6B9FFFFF6B9FFFFCE
:100ED000B6B9FFFFF6BCFFFF48BCFFFF48BCFFFFF1
:100EE00046BCFFFF4CBCFFFF4CBCFFFF1CBCFFFF20
:100EF00046BCFFFF4CBCFFFF1CBCFFFF4CBCFFFF10
:100F000046BCFFFFE4BCFFFFE4BCFFFFE4BCFFFF07
:100F10001CBCFFFF000102020303030304040404DA
:100F20000404040405050505050505050505050575
:100F30000505050506060606060606060606060655
:100F40000606060606060606060606060606060641
:100F50000606060607070707070707070707070725
:100F60000707070707070707070707070707070711
:100F70000707070707070707070707070707070701
:100F800007070707070707070707070707070707F1
:100F900007070707080808080808080808080808D5
:100FA00008080808080808080808080808080808C1
:100FB00008080808080808080808080808080808B1
:100FC00008080808080808080808080808080808A1
:100FD0000808080808080808080808080808080891
:100FE0000808080808080808080808080808080881
:100FF0000808080808080808080808080808080871
:101000000808080808080808080808080808080860
:101010000808080816C5FFFF02C5FFFF34C5FFFF1B
:101020003AC5FFFF16C5FFFF000000000000E03FCB
:10103000000000000000F03F000000000000004041
:101040000000C0FFFFFFDF419535A094FFFFDF3FA9
:1010500035E5AF350000E03F9535A094FFFFCF3F69
:101060006E660000696E697479000000616E0000B0
:1010700035000000CEFBFFFFCB03000001000000A5
:101080000000000034000000CEFBFFFFCB03000097
:101090000100000000000000FFFF7F7F0000000053
:1010A000FFFFFFFFFFFFEF7FBC89D897B2D29C3CC8
:1010B00033A7A8D523F649393DA7F444FD0FA5323F
:1010C0009D978CCF08BA5B25436FAC6428066811E6
:1010D00043000000504F5349580000002E0000000C
:1010E0000080E03779C34143176E05B5B5B8934624
:1010F000F5F93FE9034F384D321D30F94877825AF0
:101100003CBF737FDD4F1575000000000000F03F0D
:1011100000000000000024400000000000005940D2
:101120000000000000408F40000000000088C34025
:1011300000000000006AF8400000000080842E419A
:1011400000000000D01263410000000084D79741E6
:101150000000000065CDCD41000000205FA00242EC
:10116000000000E876483742000000A2941A6D4261
:10117000000040E59C30A2420000901EC4BCD64254
:1011800000003426F56B0C430080E03779C34143FF
:1011900000A0D8855734764300C84E676DC1AB4375
:1011A000003D9160E458E143408CB5781DAF154493
:1011B00050EFE2D6E41A4B4492D54D06CFF080446E
:1011C000F64AE1C7022DB544B49DD9794378EA4483
:1011D00005000000190000007D0000000000C07F35
:1011E00000202020202020202020282828282820F7
:1011F00020202020202020202020202020202020EF
:101200002088101010101010101010101010101056
:101210001004040404040404040404101010101046
:101220001010414141414141010101010101010110
:101230000101010101010101010101011010101062
:1012400010104242424242420202020202020202E2
:101250000202020202020202020202021010101036
:10126000200000000000000000000000000000005E
:10127000000000000000000000000000000000006E
:10128000000000000000000000000000000000005E
:10129000000000000000000000000000000000004E
:1012A000000000000000000000000000000000003E
:1012B000000000000000000000000000000000002E
:1012C000000000000000000000000000000000001E
:1012D000000000000000000000000000000000000E
:0412E000000000000A
:1012E4009C030100000000000000000068000000F2
:1012F40094070100010000000000000061000000EC
:101304009C070100010000000000000074000000C0
:10131400A4070100010000000000000063000000B9
:1013240000000000000000000000000000000000B9
:101334000000000000000000010203040607080981
:101344009C03010000000000000000006800000091
:10135400B00A010001000000000000007600000057
:10136400B80A010001000000000000006D00000048
:101374000000000000000000000000000000000069
:10138400000C0140000C0140000C01400000000072
:101394000000000000000000000000000000000049
:1013A4000000000000000000000000000000000039
:1013B4000000000000000000000000000000000029
:1013C4000000000000000000000000000000000019
:1013D4000000000000000000000000000000000009
:1013E40000000000000000000000000043000000B6
:1013F40000000000000000000000000000000000E9
:101404000000000000000000000000004300000095
:1014140000000000000000000000000000000000C8
:101424000000000000000000000000004300000075
:1014340000000000000000000000000000000000A8
:101444000000000000000000000000004300000055
:101454000000000000000000000000000000000088
:101464000000000000000000000000004300000035
:101474000000000000000000000000000000000068
:101484000000000000000000000000004300000015
:101494000000000000000000000000000000000048
:1014A40000000000000000000000000043000000F5
:1014B4000000000000000000000000000000000028
:1014C400000000000000000000000000D0F4000054
:1014D400D4E9000000000000E0110100DC1001006C
:1014E400D4060100D4060100D4060100D40601008C
:1014F400D4060100D4060100D4060100D40601007C
:10150400D4060100FFFFFFFFFFFFFFFFFFFFFFFF08
:10151400FFFF00000100415343494900000000005F
:1015240000000000000000000000000000000000B7
:10153400000000000000415343494900000000003E
:101544000000000000000000000000000000000097
:101554000000000000000000222200000100000042
:101564003F0000000044950801000000D006002060
:1015740085000000FE6A0000050000001C6A0000EF
:10158400D44A002001000000D84100200400580281
:10159400AC000020983200200F0000000208100068
:1015A40002010200090400000F000E000D000000FB
:1015B4000000000000000000000000000000000027
:1015C4000000000000000000000000000000000017
:1015D4000000000000000000000000000000000007
:1015E40000000000000000000000000000000000F7
:1015F40000000000000000000000000000000000E7
:1016040000000000000000000000000000000000D6
:1016140000000000000000000000000000000000C6
:1016240000000000000000000000000000000000B6
:1016340000000000000000000000000000000000A6
:101644000000000000000000000000000000000096
:101654000000000000000000000000000000000086
:101664000000000000000000000000000000000076
:101674000000000000000000000000000000000066
:101684000000000000000000000000000000000056
:101694000000000000000000000000000000000046
:1016A4000000000000000000000000000000000036
:1016B4000000000000000000000000000000000026
:1016C4000000000000000000000000000000000016
:1016D4000000000000000000000000000000000006
:1016E40000000000000000000000000000000000F6
:1016F40000000000000000000000000000000000E6
:1017040000000000000000000000000000000000D5
:1017140000000000000000000000000000000000C5
:1017240000000000000000000000000000000000B5
:1017340000000000000000000000000000000000A5
:101744000000000000000000000000000000000095
:101754000000000000000000000000000000000085
:101764000000000000000000000000000000000075
:101774000000000000000000000000000000000065
:101784000000000000000000000000000000000055
:101794000000000000000000000000000000000045
:1017A4000000000000000000000000000000000035
:1017B4000000000000000000000000000000000025
:1017C4000000000000000000000000000000000015
:1017D4000000000000000000000000000000000005
:1017E40000000000000000000000000000000000F5
:1017F40000000000000000000000000000000000E5
:1018040000000000000000000000000000000000D4
:1018140000000000000000000000000000000000C4
:1018240000000000000000000000000000000000B4
:1018340000000000000000000000000000000000A4
:101844000000000000000000000000000000000094
:101854000000000000000000000000000000000084
:101864000000000000000000000000000000000074
:101874000000000000000000000000000000000064
:101884000000000000000000000000000000000054
:101894000000000000000000000000000000000044
:1018A4000000000000000000000000000000000034
:1018B4000000000000000000000000000000000024
:1018C4000000000000000000000000000000000014
:1018D4000000000000000000000000000000000004
:1018E40000000000000000000000000000000000F4
:1018F40000000000000000000000000000000000E4
:1019040000000000000000000000000000000000D3
:1019140000000000000000000000000000000000C3
:1019240000000000000000000000000000000000B3
:1019340000000000000000000000000000000000A3
:101944000000000000000000000000000000000093
:101954000000000000000000000000000000000083
:101964000000000000000000000000000000000073
:101974000000000000000000000000000000000063
:101984000000000000000000000000000000000053
:101994000000000000000000000000000000000043
:1019A4000000000000000000000000000000000033
:1019B4000000000000000000000000000000000023
:1019C4000000000000000000000000000000000013
:1019D4000000000000000000000000000000000003
:1019E40000000000000000000000000000000000F3
:1019F40000000000000000000000000000000000E3
:101A040000000000000000000000000000000000D2
:101A140000000000000000000000000000000000C2
:101A240000000000000000000000000000000000B2
:101A340000000000000000000000000000000000A2
:101A44000000000000000000000000000000000092
:101A54000000000000000000000000000000000082
:101A64000000000000000000000000000000000072
:101A74000000000000000000000000000000000062
:101A84000000000000000000000000000000000052
:101A94000000000000000000000000000000000042
:101AA4000000000000000000000000000000000032
:101AB4000000000000000000000000000000000022
:101AC4000000000000000000000000000000000012
:101AD4000000000000000000000000000000000002
:101AE40000000000000000000000000000000000F2
:101AF40000000000000000000000000000000000E2
:101B040000000000000000000000000000000000D1
:101B140000000000000000000000000000000000C1
:101B240000000000000000000000000000000000B1
:101B340000000000000000000000000000000000A1
:101B44000000000000000000000000000000000091
:101B54000000000000000000000000000000000081
:101B64000000000000000000000000000000000071
:101B74000000000000000000000000000000000061
:101B84000000000000000000000000000000000051
:101B94000000000000000000000000000000000041
:101BA4000000000000000000000000000000000031
:101BB4000000000000000000000000000000000021
:101BC4000000000000000000000000000000000011
:101BD4000000000000000000000000000000000001
:101BE40000000000000000000000000000000000F1
:101BF40000000000000000000000000000000000E1
:101C040000000000000000000000000000000000D0
:101C140000000000000000000000000000000000C0
:101C240000000000000000000000000000000000B0
:101C340000000000000000000000000000000000A0
:101C44000000000000000000000000000000000090
:101C54000000000000000000000000000000000080
:101C64000000000000000000000000000000000070
:101C74000000000000000000000000000000000060
:101C84000000000000000000000000000000000050
:101C94000000000000000000000000000000000040
:101CA4000000000000000000000000000000000030
:101CB4000000000000000000000000000000000020
:101CC4000000000000000000000000000000000010
:101CD4000000000000000000000000000000000000
:101CE40000000000000000000000000000000000F0
:101CF40000000000000000000000000000000000E0
:101D040000000000000000000000000000000000CF
:101D140000000000000000000000000000000000BF
:101D240000000000000000000000000000000000AF
:101D3400000000000000000000000000000000009F
:101D4400000000000000000000000000000000008F
:101D5400000000000000000000000000000000007F
:101D6400000000000000000000000000000000006F
:101D7400000000000000000000000000000000005F
:101D8400000000000000000000000000000000004F
:101D9400000000000000000000000000000000003F
:101DA400000000000000000000000000000000002F
:101DB400000000000000000000000000000000001F
:101DC400000000000000000000000000000000000F
:101DD40000000000000000000000000000000000FF
:101DE40000000000000000000000000000000000EF
:101DF40000000000000000000000000000000000DF
:101E040000000000000000000000000000000000CE
:101E140000000000000000000000000000000000BE
:101E240000000000000000000000000000000000AE
:101E3400000000000000000000000000000000009E
:101E4400000000000000000000000000000000008E
:101E5400000000000000000000000000000000007E
:101E6400000000000000000000000000000000006E
:101E7400000000000000000000000000000000005E
:101E8400000000000000000000000000000000004E
:101E9400000000000000000000000000000000003E
:101EA400000000000000000000000000000000002E
:101EB400000000000000000000000000000000001E
:101EC400000000000000000000000000000000000E
:101ED40000000000000000000000000000000000FE
:101EE40000000000000000000000000000000000EE
:101EF40000000000000000000000000000000000DE
:101F040000000000000000000000000000000000CD
:101F140000000000000000000000000000000000BD
:101F240000000000000000000000000000000000AD
:101F3400000000000000000000000000000000009D
:101F4400000000000000000000000000000000008D
:101F5400000000000000000000000000000000007D
:101F6400000000000000000000000000000000006D
:101F7400000000000000000000000000000000005D
:101F8400000000000000000000000000000000004D
:101F9400000000000000000000000000000000003D
:101FA400000000000000000000000000000000002D
:101FB400000000000000000000000000000000001D
:101FC400000000000000000000000000000000000D
:101FD40000000000000000000000000000000000FD
:101FE40000000000000000000000000000000000ED
:101FF40000000000000000000000000000000000DD
:1020040000000000000000000000000000000000CC
:1020140000000000000000000000000000000000BC
:1020240000000000000000000000000000000000AC
:10203400000000000000000000000000000000009C
:10204400000000000000000000000000000000008C
:10205400000000000000000000000000000000007C
:10206400000000000000000000000000000000006C
:10207400000000000000000000000000000000005C
:10208400000000000000000000000000000000004C
:10209400000000000000000000000000000000003C
:1020A400000000000000000000000000000000002C
:1020B400000000000000000000000000000000001C
:1020C400000000000000000000000000000000000C
:1020D40000000000000000000000000000000000FC
:1020E40000000000000000000000000000000000EC
:1020F40000000000000000000000000000000000DC
:1021040000000000000000000000000000000000CB
:1021140000000000000000000000000000000000BB
:1021240000000000000000000000000000000000AB
:10213400000000000000000000000000000000009B
:10214400000000000000000000000000000000008B
:10215400000000000000000000000000000000007B
:10216400000000000000000000000000000000006B
:10217400000000000000000000000000000000005B
:10218400000000000000000000000000000000004B
:10219400000000000000000000000000000000003B
:1021A400000000000000000000000000000000002B
:1021B400000000000000000000000000000000001B
:1021C400000000000000000000000000000000000B
:1021D40000000000000000000000000000000000FB
:1021E40000000000000000000000000000000000EB
:1021F40000000000000000000000000000000000DB
:1022040000000000000000000000000000000000CA
:1022140000000000000000000000000000000000BA
:1022240000000000000000000000000000000000AA
:10223400000000000000000000000000000000009A
:10224400000000000000000000000000000000008A
:10225400000000000000000000000000000000007A
:10226400000000000000000000000000000000006A
:10227400000000000000000000000000000000005A
:10228400000000000000000000000000000000004A
:10229400000000000000000000000000000000003A
:1022A400000000000000000000000000000000002A
:1022B400000000000000000000000000000000001A
:1022C400000000000000000000000000000000000A
:1022D40000000000000000000000000000000000FA
:1022E40000000000000000000000000000000000EA
:1022F40000000000000000000000000000000000DA
:1023040000000000000000000000000000000000C9
:1023140000000000000000000000000000000000B9
:1023240000000000000000000000000000000000A9
:102334000000000000000000000000000000000099
:102344000000000000000000000000000000000089
:102354000000000000000000000000000000000079
:102364000000000000000000000000000000000069
:102374000000000000000000000000000000000059
:102384000000000000000000000000000000000049
:102394000000000000000000000000000000000039
:1023A4000000000000000000000000000000000029
:1023B4000000000000000000000000000000000019
:1023C4000000000000000000000000000000000009
:1023D40000000000000000000000000000000000F9
:1023E40000000000000000000000000000000000E9
:1023F40000000000000000000000000000000000D9
:1024040000000000000000000000000000000000C8
:1024140000000000000000000000000000000000B8
:1024240000000000000000000000000000000000A8
:102434000000000000000000000000000000000098
:102444000000000000000000000000000000000088
:102454000000000000000000000000000000000078
:102464000000000000000000000000000000000068
:102474000000000000000000000000000000000058
:102484000000000000000000000000000000000048
:102494000000000000000000000000000000000038
:1024A4000000000000000000000000000000000028
:1024B4000000000000000000000000000000000018
:1024C4000000000000000000000000000000000008
:1024D40000000000000000000000000000000000F8
:1024E40000000000000000000000000000000000E8
:1024F40000000000000000000000000000000000D8
:1025040000000000000000000000000000000000C7
:1025140000000000000000000000000000000000B7
:1025240000000000000000000000000000000000A7
:102534000000000000000000000000000000000097
:102544000000000000000000000000000000000087
:102554000000000000000000000000000000000077
:102564000000000000000000000000000000000067
:102574000000000000000000000000000000000057
:102584000000000000000000000000000000000047
:102594000000000000000000000000000000000037
:1025A4000000000000000000000000000000000027
:1025B4000000000000000000000000000000000017
:1025C4000000000000000000000000000000000007
:1025D40000000000000000000000000000000000F7
:1025E40000000000000000000000000000000000E7
:1025F40000000000000000000000000000000000D7
:1026040000000000000000000000000000000000C6
:1026140000000000000000000000000000000000B6
:1026240000000000000000000000000000000000A6
:102634000000000000000000000000000000000096
:102644000000000000000000000000000000000086
:102654000000000000000000000000000000000076
:102664000000000000000000000000000000000066
:102674000000000000000000000000000000000056
:102684000000000000000000000000000000000046
:102694000000000000000000000000000000000036
:1026A4000000000000000000000000000000000026
:1026B4000000000000000000000000000000000016
:1026C4000000000000000000000000000000000006
:1026D40000000000000000000000000000000000F6
:1026E40000000000000000000000000000000000E6
:1026F40000000000000000000000000000000000D6
:1027040000000000000000000000000000000000C5
:1027140000000000000000000000000000000000B5
:1027240000000000000000000000000000000000A5
:102734000000000000000000000000000000000095
:102744000000000000000000000000000000000085
:102754000000000000000000000000000000000075
:102764000000000000000000000000000000000065
:102774000000000000000000000000000000000055
:102784000000000000000000000000000000000045
:102794000000000000000000000000000000000035
:1027A4000000000000000000000000000000000025
:1027B4000000000000000000000000000000000015
:1027C4000000000000000000000000000000000005
:1027D40000000000000000000000000000000000F5
:1027E40000000000000000000000000000000000E5
:1027F40000000000000000000000000000000000D5
:1028040000000000000000000000000000000000C4
:1028140000000000000000000000000000000000B4
:1028240000000000000000000000000000000000A4
:102834000000000000000000000000000000000094
:102844000000000000000000000000000000000084
:102854000000000000000000000000000000000074
:102864000000000000000000000000000000000064
:102874000000000000000000000000000000000054
:102884000000000000000000000000000000000044
:102894000000000000000000000000000000000034
:1028A4000000000000000000000000000000000024
:1028B4000000000000000000000000000000000014
:1028C4000000000000000000000000000000000004
:1028D40000000000000000000000000000000000F4
:1028E40000000000000000000000000000000000E4
:1028F40000000000000000000000000000000000D4
:1029040000000000000000000000000000000000C3
:1029140000000000000000000000000000000000B3
:1029240000000000000000000000000000000000A3
:102934000000000000000000000000000000000093
:102944000000000000000000000000000000000083
:102954000000000000000000000000000000000073
:102964000000000000000000000000000000000063
:102974000000000000000000000000000000000053
:102984000000000000000000000000000000000043
:102994000000000000000000000000000000000033
:1029A4000000000000000000000000000000000023
:1029B4000000000000000000000000000000000013
:1029C4000000000000000000000000000000000003
:1029D40000000000000000000000000000000000F3
:1029E40000000000000000000000000000000000E3
:1029F40000000000000000000000000000000000D3
:102A040000000000000000000000000000000000C2
:102A140000000000000000000000000000000000B2
:102A240000000000000000000000000000000000A2
:102A34000000000000000000000000000000000092
:102A44000000000000000000000000000000000082
:102A54000000000000000000000000000000000072
:102A64000000000000000000000000000000000062
:102A74000000000000000000000000000000000052
:102A84000000000000000000000000000000000042
:102A94000000000000000000000000000000000032
:102AA4000000000000000000000000000000000022
:102AB4000000000000000000000000000000000012
:102AC4000000000000000000000000000000000002
:102AD40000000000000000000000000000000000F2
:102AE40000000000000000000000000000000000E2
:102AF40000000000000000000000000000000000D2
:102B040000000000000000000000000000000000C1
:102B140000000000000000000000000000000000B1
:102B240000000000000000000000000000000000A1
:102B34000000000000000000000000000000000091
:102B44000000000000000000000000000000000081
:102B54000000000000000000000000000000000071
:102B64000000000000000000000000000000000061
:102B74000000000000000000000000000000000051
:102B84000000000000000000000000000000000041
:102B94000000000000000000000000000000000031
:102BA4000000000000000000000000000000000021
:102BB4000000000000000000000000000000000011
:102BC4000000000000000000000000000000000001
:102BD40000000000000000000000000000000000F1
:102BE40000000000000000000000000000000000E1
:102BF40000000000000000000000000000000000D1
:102C040000000000000000000000000000000000C0
:102C140000000000000000000000000000000000B0
:102C240000000000000000000000000000000000A0
:102C34000000000000000000000000000000000090
:102C44000000000000000000000000000000000080
:102C54000000000000000000000000000000000070
:102C64000000000000000000000000000000000060
:102C74000000000000000000000000000000000050
:102C84000000000000000000000000000000000040
:102C94000000000000000000000000000000000030
:102CA4000000000000000000000000000000000020
:102CB4000000000000000000000000000000000010
:102CC4000000000000000000000000000000000000
:102CD40000000000000000000000000000000000F0
:102CE40000000000000000000000000000000000E0
:102CF40000000000000000000000000000000000D0
:102D040000000000000000000000000000000000BF
:102D140000000000000000000000000000000000AF
:102D2400000000000000000000000000000000009F
:102D3400000000000000000000000000000000008F
:102D4400000000000000000000000000000000007F
:102D5400000000000000000000000000000000006F
:102D6400000000000000000000000000000000005F
:102D7400000000000000000000000000000000004F
:102D8400000000000000000000000000000000003F
:102D9400000000000000000000000000000000002F
:102DA400000000000000000000000000000000001F
:102DB400000000000000000000000000000000000F
:102DC40000000000000000000000000000000000FF
:102DD40000000000000000000000000000000000EF
:102DE40000000000000000000000000000000000DF
:102DF40000000000000000000000000000000000CF
:102E040000000000000000000000000000000000BE
:102E140000000000000000000000000000000000AE
:102E2400000000000000000000000000000000009E
:102E3400000000000000000000000000000000008E
:102E4400000000000000000000000000000000007E
:102E5400000000000000000000000000000000006E
:102E6400000000000000000000000000000000005E
:102E7400000000000000000000000000000000004E
:102E8400000000000000000000000000000000003E
:102E9400000000000000000000000000000000002E
:102EA400000000000000000000000000000000001E
:102EB400000000000000000000000000000000000E
:102EC40000000000000000000000000000000000FE
:102ED40000000000000000000000000000000000EE
:102EE40000000000000000000000000000000000DE
:102EF40000000000000000000000000000000000CE
:102F040000000000000000000000000000000000BD
:102F140000000000000000000000000000000000AD
:102F2400000000000000000000000000000000009D
:102F3400000000000000000000000000000000008D
:102F4400000000000000000000000000000000007D
:102F5400000000000000000000000000000000006D
:102F6400000000000000000000000000000000005D
:102F7400000000000000000000000000000000004D
:102F8400000000000000000000000000000000003D
:102F9400000000000000000000000000000000002D
:102FA400000000000000000000000000000000001D
:102FB400000000000000000000000000000000000D
:102FC40000000000000000000000000000000000FD
:102FD40000000000000000000000000000000000ED
:102FE40000000000000000000000000000000000DD
:102FF40000000000000000000000000000000000CD
:1030040000000000000000000000000000000000BC
:1030140000000000000000000000000000000000AC
:10302400000000000000000000000000000000009C
:10303400000000000000000000000000000000008C
:10304400000000000000000000000000000000007C
:10305400000000000000000000000000000000006C
:10306400000000000000000000000000000000005C
:10307400000000000000000000000000000000004C
:10308400000000000000000000000000000000003C
:10309400000000000000000000000000000000002C
:1030A400000000000000000000000000000000001C
:1030B400000000000000000000000000000000000C
:1030C40000000000000000000000000000000000FC
:1030D40000000000000000000000000000000000EC
:1030E40000000000000000000000000000000000DC
:1030F40000000000000000000000000000000000CC
:1031040000000000000000000000000000000000BB
:1031140000000000000000000000000000000000AB
:10312400000000000000000000000000000000009B
:10313400000000000000000000000000000000008B
:10314400000000000000000000000000000000007B
:10315400000000000000000000000000000000006B
:10316400000000000000000000000000000000005B
:10317400000000000000000000000000000000004B
:10318400000000000000000000000000000000003B
:10319400000000000000000000000000000000002B
:1031A400000000000000000000000000000000001B
:1031B400000000000000000000000000000000000B
:1031C40000000000000000000000000000000000FB
:1031D40000000000000000000000000000000000EB
:1031E40000000000000000000000000000000000DB
:1031F40000000000000000000000000000000000CB
:1032040000000000000000000000000000000000BA
:1032140000000000000000000000000000000000AA
:10322400000000000000000000000000000000009A
:10323400000000000000000000000000000000008A
:10324400000000000000000000000000000000007A
:10325400000000000000000000000000000000006A
:10326400000000000000000000000000000000005A
:10327400000000000000000000000000000000004A
:10328400000000000000000000000000000000003A
:10329400000000000000000000000000000000002A
:1032A400000000000000000000000000000000001A
:1032B400000000000000000000000000000000000A
:1032C40000000000000000000000000000000000FA
:1032D40000000000000000000000000000000000EA
:1032E40000000000000000000000000000000000DA
:1032F40000000000000000000000000000000000CA
:1033040000000000000000000000000000000000B9
:1033140000000000000000000000000000000000A9
:103324000000000000000000000000000000000099
:103334000000000000000000000000000000000089
:103344000000000000000000000000000000000079
:103354000000000000000000000000000000000069
:103364000000000000000000000000000000000059
:103374000000000000000000000000000000000049
:103384000000000000000000000000000000000039
:103394000000000000000000000000000000000029
:1033A4000000000000000000000000000000000019
:1033B4000000000000000000000000000000000009
:1033C40000000000000000000000000000000000F9
:1033D40000000000000000000000000000000000E9
:1033E40000000000000000000000000000000000D9
:1033F40000000000000000000000000000000000C9
:1034040000000000000000000000000000000000B8
:1034140000000000000000000000000000000000A8
:103424000000000000000000000000000000000098
:103434000000000000000000000000000000000088
:103444000000000000000000000000000000000078
:103454000000000000000000000000000000000068
:103464000000000000000000000000000000000058
:103474000000000000000000000000000000000048
:103484000000000000000000000000000000000038
:103494000000000000000000000000000000000028
:1034A4000000000000000000000000000000000018
:1034B4000000000000000000000000000000000008
:1034C40000000000000000000000000000000000F8
:1034D40000000000000000000000000000000000E8
:1034E40000000000000000000000000000000000D8
:1034F40000000000000000000000000000000000C8
:1035040000000000000000000000000000000000B7
:1035140000000000000000000000000000000000A7
:103524000000000000000000000000000000000097
:103534000000000000000000000000000000000087
:103544000000000000000000000000000000000077
:103554000000000000000000000000000000000067
:103564000000000000000000000000000000000057
:103574000000000000000000000000000000000047
:103584000000000000000000000000000000000037
:103594000000000000000000000000000000000027
:1035A4000000000000000000000000000000000017
:1035B4000000000000000000000000000000000007
:1035C40000000000000000000000000000000000F7
:1035D40000000000000000000000000000000000E7
:1035E40000000000000000000000000000000000D7
:1035F40000000000000000000000000000000000C7
:1036040000000000000000000000000000000000B6
:1036140000000000000000000000000000000000A6
:103624000000000000000000000000000000000096
:103634000000000000000000000000000000000086
:103644000000000000000000000000000000000076
:103654000000000000000000000000000000000066
:103664000000000000000000000000000000000056
:103674000000000000000000000000000000000046
:103684000000000000000000000000000000000036
:103694000000000000000000000000000000000026
:1036A4000000000000000000000000000000000016
:1036B4000000000000000000000000000000000006
:1036C40000000000000000000000000000000000F6
:1036D40000000000000000000000000000000000E6
:1036E40000000000000000000000000000000000D6
:1036F40000000000000000000000000000000000C6
:1037040000000000000000000000000000000000B5
:1037140000000000000000000000000000000000A5
:103724000000000000000000000000000000000095
:103734000000000000000000000000000000000085
:103744000000000000000000000000000000000075
:103754000000000000000000000000000000000065
:103764000000000000000000000000000000000055
:103774000000000000000000000000000000000045
:103784000000000000000000000000000000000035
:103794000000000000000000000000000000000025
:1037A4000000000000000000000000000000000015
:1037B4000000000000000000000000000000000005
:1037C40000000000000000000000000000000000F5
:1037D40000000000000000000000000000000000E5
:1037E40000000000000000000000000000000000D5
:1037F40000000000000000000000000000000000C5
:1038040000000000000000000000000000000000B4
:1038140000000000000000000000000000000000A4
:103824000000000000000000000000000000000094
:103834000000000000000000000000000000000084
:103844000000000000000000000000000000000074
:103854000000000000000000000000000000000064
:103864000000000000000000000000000000000054
:103874000000000000000000000000000000000044
:103884000000000000000000000000000000000034
:103894000000000000000000000000000000000024
:1038A4000000000000000000000000000000000014
:1038B4000000000000000000000000000000000004
:1038C40000000000000000000000000000000000F4
:1038D40000000000000000000000000000000000E4
:1038E40000000000000000000000000000000000D4
:1038F40000000000000000000000000000000000C4
:1039040000000000000000000000000000000000B3
:1039140000000000000000000000000000000000A3
:103924000000000000000000000000000000000093
:103934000000000000000000000000000000000083
:103944000000000000000000000000000000000073
:103954000000000000000000000000000000000063
:103964000000000000000000000000000000000053
:103974000000000000000000000000000000000043
:103984000000000000000000000000000000000033
:103994000000000000000000000000000000000023
:1039A4000000000000000000000000000000000013
:1039B4000000000000000000000000000000000003
:1039C40000000000000000000000000000000000F3
:1039D40000000000000000000000000000000000E3
:1039E40000000000000000000000000000000000D3
:1039F40000000000000000000000000000000000C3
:103A040000000000000000000000000000000000B2
:103A140000000000000000000000000000000000A2
:103A24000000000000000000000000000000000092
:103A34000000000000000000000000000000000082
:103A44000000000000000000000000000000000072
:103A54000000000000000000000000000000000062
:103A64000000000000000000000000000000000052
:103A74000000000000000000000000000000000042
:103A84000000000000000000000000000000000032
:103A94000000000000000000000000000000000022
:103AA4000000000000000000000000000000000012
:103AB4000000000000000000000000000000000002
:103AC40000000000000000000000000000000000F2
:103AD40000000000000000000000000000000000E2
:103AE40000000000000000000000000000000000D2
:103AF40000000000000000000000000000000000C2
:103B040000000000000000000000000000000000B1
:103B140000000000000000000000000000000000A1
:103B24000000000000000000000000000000000091
:103B34000000000000000000000000000000000081
:103B44000000000000000000000000000000000071
:103B54000000000000000000000000000000000061
:103B64000000000000000000000000000000000051
:103B74000000000000000000000000000000000041
:103B84000000000000000000000000000000000031
:103B94000000000000000000000000000000000021
:103BA4000000000000000000000000000000000011
:103BB4000000000000000000000000000000000001
:103BC40000000000000000000000000000000000F1
:103BD40000000000000000000000000000000000E1
:103BE40000000000000000000000000000000000D1
:103BF40000000000000000000000000000000000C1
:103C040000000000000000000000000000000000B0
:103C140000000000000000000000000000000000A0
:103C24000000000000000000000000000000000090
:103C34000000000000000000000000000000000080
:103C44000000000000000000000000000000000070
:103C54000000000000000000000000000000000060
:103C64000000000000000000000000000000000050
:103C74000000000000000000000000000000000040
:103C84000000000000000000000000000000000030
:103C94000000000000000000000000000000000020
:103CA4000000000000000000000000000000000010
:103CB4000000000000000000000000000000000000
:103CC40000000000000000000000000000000000F0
:103CD40000000000000000000000000000000000E0
:103CE40000000000000000000000000000000000D0
:103CF40000000000000000000000000000000000C0
:103D040000000000000000000000000000000000AF
:103D1400000000000000000000000000000000009F
:103D2400000000000000000000000000000000008F
:103D3400000000000000000000000000000000007F
:103D4400000000000000000000000000000000006F
:103D5400000000000000000000000000000000005F
:103D6400000000000000000000000000000000004F
:103D7400000000000000000000000000000000003F
:103D8400000000000000000000000000000000002F
:103D9400000000000000000000000000000000001F
:103DA400000000000000000000000000000000000F
:103DB40000000000000000000000000000000000FF
:103DC40000000000000000000000000000000000EF
:103DD40000000000000000000000000000000000DF
:103DE40000000000000000000000000000000000CF
:103DF40000000000000000000000000000000000BF
:103E040000000000000000000000000000000000AE
:103E1400000000000000000000000000000000009E
:103E2400000000000000000000000000000000008E
:103E3400000000000000000000000000000000007E
:103E4400000000000000000000000000000000006E
:103E5400000000000000000000000000000000005E
:103E6400000000000000000000000000000000004E
:103E7400000000000000000000000000000000003E
:103E8400000000000000000000000000000000002E
:103E9400000000000000000000000000000000001E
:103EA400000000000000000000000000000000000E
:103EB40000000000000000000000000000000000FE
:103EC40000000000000000000000000000000000EE
:103ED40000000000000000000000000000000000DE
:103EE40000000000000000000000000000000000CE
:103EF40000000000000000000000000000000000BE
:103F040000000000000000000000000000000000AD
:103F1400000000000000000000000000000000009D
:103F2400000000000000000000000000000000008D
:103F3400000000000000000000000000000000007D
:103F4400000000000000000000000000000000006D
:103F5400000000000000000000000000000000005D
:103F6400000000000000000000000000000000004D
:103F7400000000000000000000000000000000003D
:103F8400000000000000000000000000000000002D
:103F9400000000000000000000000000000000001D
:103FA400000000000000000000000000000000000D
:103FB40000000000000000000000000000000000FD
:103FC40000000000000000000000000000000000ED
:103FD40000000000000000000000000000000000DD
:103FE40000000000000000000000000000000000CD
:103FF40000000000000000000000000000000000BD
:1040040000000000000000000000000000000000AC
:10401400000000000000000000000000000000009C
:10402400000000000000000000000000000000008C
:10403400000000000000000000000000000000007C
:10404400000000000000000000000000000000006C
:10405400000000000000000000000000000000005C
:10406400000000000000000000000000000000004C
:10407400000000000000000000000000000000003C
:10408400000000000000000000000000000000002C
:10409400000000000000000000000000000000001C
:1040A400000000000000000000000000000000000C
:1040B40000000000000000000000000000000000FC
:1040C40000000000000000000000000000000000EC
:1040D40000000000000000000000000000000000DC
:1040E40000000000000000000000000000000000CC
:1040F40000000000000000000000000000000000BC
:1041040000000000000000000000000000000000AB
:10411400000000000000000000000000000000009B
:10412400000000000000000000000000000000008B
:10413400000000000000000000000000000000007B
:10414400000000000000000000000000000000006B
:10415400000000000000000000000000000000005B
:10416400000000000000000000000000000000004B
:10417400000000000000000000000000000000003B
:10418400000000000000000000000000000000002B
:10419400000000000000000000000000000000001B
:1041A400000000000000000000000000000000000B
:1041B40000000000000000000000000000000000FB
:1041C40000000000000000000000000000000000EB
:1041D40000000000000000000000000000000000DB
:1041E40000000000000000000000000000000000CB
:1041F40000000000000000000000000000000000BB
:1042040000000000000000000000000000000000AA
:10421400000000000000000000000000000000009A
:10422400000000000000000000000000000000008A
:10423400000000000000000000000000000000007A
:10424400000000000000000000000000000000006A
:10425400000000000000000000000000000000005A
:10426400000000000000000000000000000000004A
:10427400000000000000000000000000000000003A
:10428400000000000000000000000000000000002A
:10429400000000000000000000000000000000001A
:1042A400000000000000000000000000000000000A
:1042B40000000000000000000000000000000000FA
:1042C40000000000000000000000000000000000EA
:1042D40000000000000000000000000000000000DA
:1042E40000000000000000000000000000000000CA
:1042F40000000000000000000000000000000000BA
:1043040000000000000000000000000000000000A9
:104314000000000000000000000000000000000099
:104324000000000000000000000000000000000089
:104334000000000000000000000000000000000079
:104344000000000000000000000000000000000069
:104354000000000000000000000000000000000059
:104364000000000000000000000000000000000049
:104374000000000000000000000000000000000039
:104384000000000000000000000000000000000029
:104394000000000000000000000000000000000019
:1043A4000000000000000000000000000000000009
:1043B40000000000000000000000000000000000F9
:1043C40000000000000000000000000000000000E9
:1043D40000000000000000000000000000000000D9
:1043E40000000000000000000000000000000000C9
:1043F40000000000000000000000000000000000B9
:1044040000000000000000000000000000000000A8
:104414000000000000000000000000000000000098
:104424000000000000000000000000000000000088
:104434000000000000000000000000000000000078
:104444000000000000000000000000000000000068
:104454000000000000000000000000000000000058
:104464000000000000000000000000000000000048
:104474000000000000000000000000000000000038
:104484000000000000000000000000000000000028
:104494000000000000000000000000000000000018
:1044A4000000000000000000000000000000000008
:1044B40000000000000000000000000000000000F8
:1044C40000000000000000000000000000000000E8
:1044D40000000000000000000000000000000000D8
:1044E40000000000000000000000000000000000C8
:0444F40000000000C4
:0400000300004000B9
:00000001FF
